date,strategy,return,long_count,short_count,market_ret,cum_return
2021-10-15,beta_neutral,0.0003305106656625867,30,30,0.0008149892,1.0
2021-10-18,beta_neutral,0.013384541496634483,30,30,-0.002065875,1.0133845414966345
2021-10-19,beta_neutral,-0.010401538573205471,30,30,0.008453239,1.002843783098767
2021-10-20,beta_neutral,-0.006223119329661131,30,30,-0.004843049,0.9966029665675346
2021-10-21,beta_neutral,0.008267662487924099,30,30,0.0007645058,1.004842543529579
2021-10-22,beta_neutral,-0.012882090173661709,30,30,-0.000635009,0.9918980712734992
2021-10-25,beta_neutral,0.005444599315524101,30,30,0.0065538688,0.9972985588334244
2021-10-26,beta_neutral,0.0010845725191757083,30,30,-0.00058443897,0.9983802014437488
2021-10-27,beta_neutral,-0.00553820189088583,30,30,-0.013263796,0.99285097032429
2021-10-28,beta_neutral,-0.005601620301604271,30,30,-0.010972146,0.9872893961724539
2021-10-29,beta_neutral,-0.0039205728098750114,30,30,0.010102706,0.9834186562103423
2021-11-01,beta_neutral,0.001645582844503224,30,30,0.0009869506,0.9850369530799665
2021-11-02,beta_neutral,0.006432512775063515,30,30,-0.008444346,0.991373215864563
2021-11-03,beta_neutral,0.005664673633873463,30,30,0.0037804593,0.9969890215817993
2021-11-04,beta_neutral,0.005392699036747217,30,30,0.006766735,1.002365483318131
2021-11-05,beta_neutral,0.005074857734143734,30,30,-0.008493657,1.0074523455435866
2021-11-08,beta_neutral,-0.005345574580132961,30,30,0.0016542414,1.0020669338945536
2021-11-09,beta_neutral,-0.005416073836386204,30,30,0.0014769738,0.9966396653915796
2021-11-10,beta_neutral,0.001254715258255601,30,30,-0.003548148,0.9978901643867292
2021-11-11,beta_neutral,0.0029038554057478905,30,30,0.013065011,1.000787893134926
2021-11-12,beta_neutral,0.000534511636942625,30,30,-6.344488e-05,1.001322825909918
2021-11-15,beta_neutral,0.009750567376613617,30,30,-6.370056e-05,1.0110862915896937
2021-11-16,beta_neutral,-0.0015316386707127094,30,30,-0.0030248952,1.0095376727260674
2021-11-17,beta_neutral,0.00040063634514808655,30,30,0.003971064,1.009942130209558
2021-11-18,beta_neutral,-0.0031125368550419807,30,30,-0.007872364,1.006798648107821
2021-11-19,beta_neutral,-0.0019406359642744064,30,30,0.010860701,1.0048448184425203
2021-11-22,beta_neutral,0.00015711551532149315,30,30,0.004545951,1.0050026951539879
2021-11-23,beta_neutral,1.5723868273198605e-05,30,30,0.0014917094,1.0050184976839807
2021-11-24,beta_neutral,-0.00017088442109525204,30,30,-0.0009786822,1.004846755679814
2021-11-25,beta_neutral,-0.00818412471562624,30,30,-0.002471376,0.9966229645112379
2021-11-26,beta_neutral,-0.0032469509169459343,30,30,-0.008356015,0.9933869786627687
2021-11-29,beta_neutral,-0.004720146767795086,30,30,-0.004336886,0.988698046326264
2021-11-30,beta_neutral,0.0001018341863527894,30,30,0.000898266,0.9887987295873601
2021-12-01,beta_neutral,-0.012772075831890106,30,30,0.0041631754,0.9761697172305938
2021-12-02,beta_neutral,-0.002074402291327715,30,30,0.0010684023,0.9741447485324459
2021-12-03,beta_neutral,-0.0014649135991930962,30,30,0.011159446,0.9727177106427382
2021-12-06,beta_neutral,-0.002093840390443802,30,30,-0.003280493,0.9706809950116944
2021-12-07,beta_neutral,-0.0009491518139839172,30,30,0.005672052,0.9697596713844794
2021-12-08,beta_neutral,0.011505404487252235,30,30,0.012913495,0.9809171486591827
2021-12-09,beta_neutral,0.004563171416521072,30,30,0.015413262,0.9853932417539195
2021-12-10,beta_neutral,-0.004919567611068487,30,30,-0.005858431,0.9805455330776212
2021-12-13,beta_neutral,0.002609868533909321,30,30,0.0045738984,0.9831046280104658
2021-12-14,beta_neutral,-4.2951665818691254e-05,29,30,-0.007895359,0.9830624020290187
2021-12-15,beta_neutral,7.109716534614563e-06,29,30,-0.0056033507,0.9830693913240329
2021-12-16,beta_neutral,-0.00577615387737751,29,30,0.007305119,0.9773910312476055
2021-12-17,beta_neutral,-0.007616205140948296,29,30,-0.012292208,0.9699470206507007
2021-12-20,beta_neutral,-0.005669131875038147,29,30,-0.014575524,0.9644482630788316
2021-12-21,beta_neutral,0.002172696404159069,29,30,0.010106029,0.9665437163520204
2021-12-22,beta_neutral,-0.00046154996380209923,29,30,0.002519343,0.966097608134725
2021-12-23,beta_neutral,0.0014167902991175652,29,30,0.0046780724,0.967466365853931
2021-12-24,beta_neutral,0.0008274363353848457,29,30,-0.0050856085,0.9682668826783012
2021-12-27,beta_neutral,-0.0018593244021758437,29,30,0.002406255,0.9664665604355187
2021-12-28,beta_neutral,0.0070768301375210285,29,30,0.0041663074,0.9733060801173151
2021-12-29,beta_neutral,-0.0019808420911431313,29,30,-0.008034295,0.9713781144662531
2021-12-30,beta_neutral,0.004573829006403685,29,30,0.0070167226,0.9758210318623846
2021-12-31,beta_neutral,-0.0014737537130713463,29,30,0.0067118574,0.9743829119933843
2022-01-04,beta_neutral,-0.0034507676027715206,30,30,-0.0014309334,0.9710205430079833
2022-01-05,beta_neutral,-0.007199013605713844,30,30,-0.0106766205,0.9640301529074413
2022-01-06,beta_neutral,0.007166922092437744,30,30,-0.004628255,0.9709392819080898
2022-01-07,beta_neutral,0.00410698726773262,30,30,-0.001105487,0.9749269171766277
2022-01-10,beta_neutral,0.0022942270152270794,30,30,0.005501073,0.9771636208478864
2022-01-11,beta_neutral,-0.0013650357723236084,30,30,-0.0096674645,0.9758297575500158
2022-01-12,beta_neutral,-0.0022483444772660732,30,30,0.007969012,0.9736357561038763
2022-01-13,beta_neutral,-0.007085179910063744,30,30,-0.014921119,0.9667373716050093
2022-01-14,beta_neutral,0.005252236500382423,30,30,-0.008069069,0.971814904914437
2022-01-17,beta_neutral,0.0031125498935580254,30,30,0.008715484,0.9748397272932865
2022-01-18,beta_neutral,0.011458697728812695,30,30,0.008835168,0.9860101210623784
2022-01-19,beta_neutral,0.004074071533977985,30,30,-0.007198471,0.9900271968288128
2022-01-20,beta_neutral,-0.0053972601890563965,30,30,0.0014007266,0.9846837624532857
2022-01-21,beta_neutral,-0.003922043368220329,30,30,-0.012556223,0.9808217900329614
2022-01-24,beta_neutral,0.015074877999722958,30,30,0.0016981892,0.9956075588571782
2022-01-25,beta_neutral,-0.006106860935688019,30,30,-0.02643077,0.9895275219487176
2022-01-26,beta_neutral,-0.0035059081856161356,30,30,0.0065575084,0.9860583293096252
2022-01-27,beta_neutral,-0.0017013381165452285,30,30,-0.021658495,0.9843807106888338
2022-01-28,beta_neutral,-0.004388779401779175,30,30,-0.008426354,0.9800604809022538
2022-02-07,beta_neutral,-0.01625828817486763,30,30,0.016812488,0.9641263751749457
2022-02-08,beta_neutral,-0.011582151986658573,30,30,0.0030835858,0.9529597169633233
2022-02-09,beta_neutral,0.0053367530927062035,30,30,0.009910348,0.9580454276800517
2022-02-10,beta_neutral,0.0037572886794805527,30,30,0.00064114487,0.9616450809199021
2022-02-11,beta_neutral,-0.004555980198395749,30,30,-0.01111412,0.9572638449733463
2022-02-14,beta_neutral,0.0034023895859718323,30,30,-0.012204156,0.960520829510511
2022-02-15,beta_neutral,0.010559972375631332,30,30,0.011657296,0.9706639029363604
2022-02-16,beta_neutral,-0.00643602479249239,30,30,0.003143791,0.9644166859918847
2022-02-17,beta_neutral,-5.881139077246189e-05,30,30,0.00096034486,0.9643599673052973
2022-02-18,beta_neutral,-0.0017549102194607258,30,30,0.00540651,0.9626676021434344
2022-02-21,beta_neutral,0.004203746560961008,30,30,0.0021799854,0.9667144127652935
2022-02-22,beta_neutral,-0.0038332361727952957,30,30,-0.01090233,0.963008768109519
2022-02-23,beta_neutral,0.0011929376050829887,30,30,0.011292563,0.9641575774830214
2022-02-24,beta_neutral,0.00011826120316982269,30,30,-0.018770462,0.9642715999181799
2022-02-25,beta_neutral,0.0002243625931441784,30,30,0.007742304,0.9644879463948328
2022-02-28,beta_neutral,-0.006197001319378614,30,30,0.0018908349,0.9585110133184993
2022-03-01,beta_neutral,0.00022390589583665133,30,30,0.004620461,0.9587256295856057
2022-03-02,beta_neutral,0.01224798895418644,30,30,-0.0038367216,0.9704680905068657
2022-03-03,beta_neutral,0.0015622681239619851,30,30,-0.0029230346,0.9719842218699869
2022-03-04,beta_neutral,0.0006987289525568485,30,30,-0.008276429,0.9726633753872358
2022-03-07,beta_neutral,0.008558794856071472,30,30,-0.027021062,0.9809882016811892
2022-03-08,beta_neutral,-0.00684724748134613,30,30,-0.028806183,0.9742711326879974
2022-03-09,beta_neutral,0.006446028593927622,30,30,-0.014161829,0.9805513122675426
2022-03-10,beta_neutral,0.000895421952009201,30,30,0.015796779,0.9814293194376184
2022-03-11,beta_neutral,-0.004636740777641535,30,30,0.008948774,0.976878686091809
2022-03-14,beta_neutral,-0.002064712345600128,30,30,-0.02605379,0.9748617126084816
2022-03-15,beta_neutral,-0.006875516340951432,30,30,-0.049804684,0.968159034973274
2022-03-16,beta_neutral,-0.005598638206720352,30,30,0.036879573,0.9627386628098912
2022-03-17,beta_neutral,0.004793716594576836,30,30,0.01786418,0.9673537591140436
2022-03-18,beta_neutral,0.00477635208517313,30,30,0.007912348,0.971974181258488
2022-03-21,beta_neutral,0.008399504236876965,30,30,0.00088419707,0.9801382825121037
2022-03-22,beta_neutral,0.0036685753148049116,30,30,-0.00020387536,0.9837339936204229
2022-03-23,beta_neutral,-0.0016611421015113592,30,30,0.004321942,0.9820998716669321
2022-03-24,beta_neutral,0.0009471382945775986,30,30,-0.006158638,0.9830300560644876
2022-03-25,beta_neutral,0.0001408485695719719,30,30,-0.0152341155,0.9831685144417305
2022-03-28,beta_neutral,0.0025507493410259485,30,30,-0.0021222492,0.9856763308820602
2022-03-29,beta_neutral,0.0033602379262447357,30,30,-0.0036290376,0.9889884378720918
2022-03-30,beta_neutral,-0.013913782313466072,30,30,0.023541382,0.9752278680370048
2022-03-31,beta_neutral,0.00559942377731204,30,30,-0.007849424,0.9806885821495884
2022-04-01,beta_neutral,-0.0001786601496860385,30,30,0.009327026,0.9805133721807062
2022-04-06,beta_neutral,0.010135939344763756,30,30,-0.0021675727,0.9904517962478596
2022-04-07,beta_neutral,-0.002724302001297474,30,30,-0.015159297,0.9877535064371529
2022-04-08,beta_neutral,-0.0015613980358466506,30,30,0.0027570317,0.9862112300523013
2022-04-11,beta_neutral,0.011344607919454575,30,30,-0.029924275,0.9973994097830077
2022-04-12,beta_neutral,-0.0023526325821876526,30,30,0.021040333,0.9950528954340975
2022-04-13,beta_neutral,-0.004657989367842674,30,30,-0.012461843,0.9904179496267244
2022-04-14,beta_neutral,0.004084073007106781,30,30,0.014289627,0.9944628888405489
2022-04-15,beta_neutral,0.003435368315161516,30,30,-0.0021371683,0.9978792351394757
2022-04-18,beta_neutral,-0.013199950627361734,30,30,0.00032035058,0.9847072785035653
2022-04-19,beta_neutral,0.0038189103361219168,30,30,-0.00561071,0.988467787307497
2022-04-20,beta_neutral,-0.00659367348998785,30,29,-0.013659191,0.9819501534626207
2022-04-21,beta_neutral,0.004107031971216202,30,30,-0.023293966,0.9859830541370324
2022-04-22,beta_neutral,-0.0018955753184854984,30,30,0.00066307554,0.9841140489951653
2022-04-25,beta_neutral,0.010514728724956512,30,30,-0.054269936,0.9944617412547679
2022-04-26,beta_neutral,0.004948146641254425,30,30,-0.01844958,0.9993824837796137
2022-04-27,beta_neutral,-0.024095948785543442,30,30,0.033310547,0.975301414633291
2022-04-28,beta_neutral,0.0004902253858745098,30,30,0.0030011078,0.9757795321456235
2022-04-29,beta_neutral,-0.009039600167113044,30,30,0.035144467,0.9669588753237746
2022-05-05,beta_neutral,0.02227061428129673,30,30,0.0053296513,0.9884936434619869
2022-05-06,beta_neutral,0.012064519338309765,30,30,-0.022658052,1.0004193441393303
2022-05-09,beta_neutral,0.004702527076005936,30,30,-0.0026291274,1.0051238431925056
2022-05-10,beta_neutral,-0.007471643388271332,30,30,0.011229443,0.9976139162751224
2022-05-11,beta_neutral,-0.002068508416414261,30,30,0.0131584415,0.9955503434929753
2022-05-12,beta_neutral,0.0071119810454547405,30,30,-0.0012952145,1.0026306786656933
2022-05-13,beta_neutral,-0.0010547609999775887,30,30,0.007621261,1.0015731429284558
2022-05-16,beta_neutral,0.0025544450618326664,30,30,-0.0046466785,1.0041316064974735
2022-05-17,beta_neutral,-0.006945927627384663,30,30,0.007786461,0.9971569810303725
2022-05-18,beta_neutral,0.007276040967553854,30,30,-0.0020083073,1.0044123360754318
2022-05-19,beta_neutral,-0.0021045557223260403,30,30,0.0041868556,1.0022984943459694
2022-05-20,beta_neutral,-0.004631564952433109,30,30,0.017936133,0.99765628376768
2022-05-23,beta_neutral,0.003027122002094984,30,30,8.1510174e-05,1.0006763110548014
2022-05-24,beta_neutral,-0.007704652845859528,30,30,-0.026613183,0.9929664474670489
2022-05-25,beta_neutral,0.00532159861177206,30,30,0.011148601,0.9982506163354258
2022-05-26,beta_neutral,0.0068384455516934395,30,30,0.008226989,1.00507709882218
2022-05-27,beta_neutral,0.0040565417148172855,29,30,-0.0012146794,1.0091542360001597
2022-05-30,beta_neutral,0.008795294910669327,29,30,0.008350497,1.0180300451161324
2022-05-31,beta_neutral,0.0042223259806632996,29,30,0.01592281,1.022328499824722
2022-06-01,beta_neutral,-0.0037217806093394756,30,30,-0.0011084534,1.0185236174376993
2022-06-02,beta_neutral,0.0017504757270216942,30,30,0.005268858,1.0203065183074222
2022-06-06,beta_neutral,0.0014991480857133865,30,30,0.017005783,1.0218361088711836
2022-06-07,beta_neutral,0.001111362362280488,30,30,0.002449471,1.0229717390630022
2022-06-08,beta_neutral,-0.000698343850672245,30,30,0.008388012,1.022257353039616
2022-06-09,beta_neutral,0.0004922151565551758,30,30,-0.01176678,1.0227605236026822
2022-06-10,beta_neutral,0.004430007189512253,30,30,0.015829094,1.0272913600753915
2022-06-13,beta_neutral,-0.0028365436010062695,30,30,-0.0071838233,1.0243774033416007
2022-06-14,beta_neutral,0.0037944703362882137,27,28,0.0075521595,1.0282643730117442
2022-06-15,beta_neutral,-0.0062917182222008705,27,28,0.009718274,1.0217948233188263
2022-06-16,beta_neutral,0.010074663907289505,27,28,-0.003316257,1.0320890627459716
2022-06-17,beta_neutral,-0.005588596686720848,27,28,0.010634448,1.0263211332295088
2022-06-20,beta_neutral,0.0021525463089346886,27,28,0.005128047,1.0285303369966237
2022-06-21,beta_neutral,0.009156251326203346,27,28,-0.0032941413,1.0379478192587894
2022-06-22,beta_neutral,-0.01147749730799761,27,28,-0.013984466,1.0260347759574047
2022-06-23,beta_neutral,-0.00958159938454628,27,28,0.017306117,1.016203721779568
2022-06-24,beta_neutral,0.0036698272451758385,27,28,0.008901988,1.0199330138844038
2022-06-27,beta_neutral,0.0049033695831894875,27,28,0.010420778,1.0249341224015756
2022-06-28,beta_neutral,0.0012759789824485779,27,28,0.011449316,1.0262419168001542
2022-06-29,beta_neutral,-0.003818339668214321,27,28,-0.014508809,1.022323376580052
2022-06-30,beta_neutral,-0.0009872755035758018,27,28,0.012348018,1.0213140617536214
2022-07-01,beta_neutral,0.002769548911601305,30,30,-0.0036920824,1.0241426410017545
2022-07-04,beta_neutral,0.01887177675962448,30,30,0.009001492,1.0434700322927517
2022-07-05,beta_neutral,-0.0017420894000679255,30,30,-0.0035594113,1.0416522142102058
2022-07-06,beta_neutral,-0.0015263734385371208,30,30,-0.013640393,1.040062263938242
2022-07-07,beta_neutral,0.010352451354265213,30,30,0.003312716,1.0508294579310695
2022-07-08,beta_neutral,-0.009118685266779114,30,30,-0.0020457816,1.041247274835136
2022-07-11,beta_neutral,-0.010956856422126293,30,30,-0.014294346,1.0298384779448373
2022-07-12,beta_neutral,-0.001716243103146553,30,30,-0.008375891,1.0280710247597094
2022-07-13,beta_neutral,0.006434394977986813,30,30,0.0012789055,1.0346860397984368
2022-07-14,beta_neutral,0.01745019480586052,30,30,0.0017136047,1.052741512755824
2022-07-15,beta_neutral,0.004875199869275093,30,30,-0.015200533,1.0578738380411916
2022-07-18,beta_neutral,-0.010222572833299637,30,30,0.013436672,1.0470596456833734
2022-07-19,beta_neutral,-0.006996786687523127,30,30,-0.00051584654,1.0397335926934135
2022-07-20,beta_neutral,0.005366106051951647,30,30,0.0066518937,1.0453129134175831
2022-07-21,beta_neutral,-0.004899987019598484,30,30,-0.008389646,1.0401908937104183
2022-07-22,beta_neutral,0.0005074352957308292,30,30,-0.003967469,1.0407187232841848
2022-07-25,beta_neutral,-0.004665111191570759,30,30,-0.007533823,1.0358636547209146
2022-07-26,beta_neutral,0.002673921175301075,30,30,0.008172614,1.0386334724819977
2022-07-27,beta_neutral,0.007858315482735634,30,30,-0.0024680828,1.0467953819796905
2022-07-28,beta_neutral,-0.0073447274044156075,30,30,0.0034524277,1.0391069552508483
2022-07-29,beta_neutral,0.0005396017804741859,30,30,-0.012728801,1.0396676592140048
2022-08-01,beta_neutral,-0.0008011743193492293,30,30,0.0058261743,1.0388347041847847
2022-08-02,beta_neutral,-0.0011878609657287598,30,30,-0.022843739,1.037600712989839
2022-08-03,beta_neutral,-0.00949670560657978,30,30,-0.0061642933,1.0277469244813973
2022-08-04,beta_neutral,-0.006628821603953838,30,30,0.006673154,1.020934173464998
2022-08-05,beta_neutral,-0.010276515036821365,30,30,0.017497782,1.01044252807978
2022-08-08,beta_neutral,0.009595572017133236,30,30,0.0014970946,1.0201383021271437
2022-08-09,beta_neutral,0.002435244619846344,30,30,0.0014860887,1.022622588438898
2022-08-10,beta_neutral,0.00375289935618639,30,30,-0.0089649325,1.026460388092672
2022-08-11,beta_neutral,-0.015555515885353088,30,30,0.021181248,1.0104932672200109
2022-08-12,beta_neutral,-0.008623257279396057,30,30,-8.497638e-05,1.001779523797675
2022-08-15,beta_neutral,0.01427011750638485,30,30,-0.003072518,1.0160750353177581
2022-08-16,beta_neutral,0.006696796510368586,30,30,-0.0014347959,1.0228794830685468
2022-08-17,beta_neutral,-0.007592665497213602,30,30,0.008569199,1.0151131013096446
2022-08-18,beta_neutral,0.00698500033468008,30,30,-0.007930234,1.0222036666620307
2022-08-19,beta_neutral,0.0007267734035849571,30,30,-0.0056839734,1.0229465771000077
2022-08-22,beta_neutral,-0.0015176706947386265,30,30,0.008731237,1.0213940810576598
2022-08-23,beta_neutral,0.005887797102332115,30,30,-0.0038432307,1.0274078421684503
2022-08-24,beta_neutral,-0.005648979917168617,30,30,-0.020907752,1.0216040359012992
2022-08-25,beta_neutral,-0.007842862978577614,30,30,0.009428596,1.0135917354293635
2022-08-26,beta_neutral,0.004956644028425217,30,30,-0.0029292775,1.0186157488520406
2022-08-29,beta_neutral,0.00543963024392724,30,30,-0.0011071299,1.0241566418864367
2022-08-30,beta_neutral,-0.010143624618649483,30,30,-0.0018466756,1.013767981360444
2022-08-31,beta_neutral,-0.022569033275358377,30,30,-0.0051118,0.9908882180556272
2022-09-01,beta_neutral,-0.002710562665015459,30,30,-0.005930038,0.9882023534465618
2022-09-02,beta_neutral,-0.007211772259324789,30,30,-0.001128295,0.9810756631273765
2022-09-05,beta_neutral,-0.009752163663506508,30,30,0.0012236638,0.9715080526942751
2022-09-06,beta_neutral,-0.005271180998533964,30,30,0.012107548,0.9663870579069903
2022-09-07,beta_neutral,-0.009863238781690598,30,30,0.0023030385,0.9568553515993182
2022-09-08,beta_neutral,0.003510052803903818,30,30,-0.0035528524,0.9602139644091298
2022-09-09,beta_neutral,0.006737097166478634,30,30,0.010940903,0.9666830191879636
2022-09-13,beta_neutral,-0.004420586683942626,30,30,0.0019789203,0.9624097131057479
2022-09-14,beta_neutral,0.0017946111038327217,30,30,-0.009652811,0.9641368642633239
2022-09-15,beta_neutral,0.00420334651057298,30,30,-0.01234438,0.96818946558744
2022-09-16,beta_neutral,-0.001573106274008751,30,30,-0.025344294,0.9666664006646952
2022-09-19,beta_neutral,0.002157133538275957,30,30,-0.003872434,0.9687516291778935
2022-09-20,beta_neutral,0.0006290918681770563,30,30,0.0026092418,0.9693610629500926
2022-09-21,beta_neutral,-0.011117585934698582,30,30,-0.0037141473,0.9585841080309941
2022-09-22,beta_neutral,-0.005834063049405813,30,30,-0.0071441713,0.9529916679065829
2022-09-23,beta_neutral,-0.0027157310396432877,30,30,-0.0075777695,0.9504035988535275
2022-09-26,beta_neutral,0.014905101619660854,30,30,-0.010714268,0.9645694610741308
2022-09-27,beta_neutral,0.015481062233448029,30,30,0.017030705,0.9795020209295028
2022-09-28,beta_neutral,0.002950221300125122,30,30,-0.01887652,0.9823917686551646
2022-09-29,beta_neutral,0.001238048542290926,30,30,-0.0013692152,0.9836080173523067
2022-09-30,beta_neutral,-0.001451216172426939,30,30,-0.005090584,0.9821805894901963
2022-10-10,beta_neutral,0.010633249767124653,30,30,-0.01992265,0.9926243610146673
2022-10-11,beta_neutral,-0.006135727744549513,30,30,-0.00013013878,0.9865338881828739
2022-10-12,beta_neutral,-0.004235723055899143,30,30,0.019449256,0.9823552038472719
2022-10-13,beta_neutral,-0.008889824151992798,30,30,-0.0014541415,0.9736222388302747
2022-10-14,beta_neutral,-0.0054285768419504166,30,30,0.023733342,0.9683368556917527
2022-10-17,beta_neutral,-0.0024668921250849962,30,30,0.0053574922,0.9659480731280171
2022-10-18,beta_neutral,0.002936920151114464,30,30,-0.000998454,0.9687849854889169
2022-10-19,beta_neutral,0.002536454237997532,30,30,-0.012860654,0.9712422642710686
2022-10-20,beta_neutral,-0.0031799853313714266,30,30,-0.0014570148,0.9681537281174787
2022-10-21,beta_neutral,-0.0026721092872321606,30,30,-0.0011775576,0.9655667155491076
2022-10-24,beta_neutral,-0.007074462249875069,30,30,-0.021364905,0.9587358502702195
2022-10-25,beta_neutral,0.0041649229824543,30,30,-0.0026213892,0.9627289112471128
2022-10-26,beta_neutral,-0.012968208640813828,30,30,0.015676942,0.9502440418615166
2022-10-27,beta_neutral,0.006918162573128939,30,30,-0.0018679294,0.9568179846272618
2022-10-28,beta_neutral,-0.0026962924748659134,30,30,-0.024432871,0.9542381234954949
2022-10-31,beta_neutral,-0.010001925751566887,30,30,-0.005591207,0.9446939046349784
2022-11-01,beta_neutral,-0.00885750912129879,30,30,0.028703243,0.9363262697578387
2022-11-02,beta_neutral,-0.0003497730940580368,30,30,0.014042041,0.9359987680214177
2022-11-03,beta_neutral,0.012240949086844921,30,30,-0.0036497489,0.9474562812861174
2022-11-04,beta_neutral,0.0026076268404722214,30,30,0.028341973,0.949926893715373
2022-11-07,beta_neutral,-0.0016633137129247189,30,30,0.0021993807,0.9483468672867803
2022-11-08,beta_neutral,0.0016923253424465656,30,30,-0.0061957254,0.9499517787237195
2022-11-09,beta_neutral,-0.002543735783547163,30,30,-0.005698431,0.9475353523915357
2022-11-10,beta_neutral,-0.007968919351696968,30,30,-0.008035047,0.9399845195854458
2022-11-11,beta_neutral,-0.003818318247795105,30,30,0.022244785,0.9363953595416679
2022-11-14,beta_neutral,0.00039262091740965843,30,30,0.0011467461,0.9367630079467892
2022-11-15,beta_neutral,0.016888534650206566,30,30,0.019967167,0.9525835624655303
2022-11-16,beta_neutral,-0.00051883514970541,30,30,-0.0062559317,0.9520893286302916
2022-11-17,beta_neutral,0.01378187071532011,30,30,2.2162114e-05,0.9652109006669103
2022-11-18,beta_neutral,-0.004875131417065859,30,30,-0.005885702,0.9605053706809746
2022-11-21,beta_neutral,0.002742587588727474,30,30,-0.0061327876,0.9631396407895103
2022-11-22,beta_neutral,-0.009248102083802223,30,30,-0.0022673658,0.9542324270705324
2022-11-23,beta_neutral,-0.003433451522141695,30,30,0.000152118,0.9509561162913301
2022-11-24,beta_neutral,-0.007449759170413017,30,30,-0.0022543746,0.9438717222433284
2022-11-25,beta_neutral,-0.01061221119016409,30,30,0.0035892448,0.9338551561904583
2022-11-28,beta_neutral,0.001375126652419567,30,30,-0.008647227,0.9351393253052352
2022-11-29,beta_neutral,-0.008189540356397629,30,30,0.024007538,0.9274809640617937
2022-11-30,beta_neutral,0.003413071623072028,30,30,0.0007205282,0.9306465230211725
2022-12-01,beta_neutral,0.0004948285641148686,30,30,0.008343938,0.9311070335038576
2022-12-02,beta_neutral,-0.000813542865216732,30,30,-0.007136791,0.9303495380199974
2022-12-05,beta_neutral,0.008482607081532478,30,29,0.019682294,0.9382413275995064
2022-12-06,beta_neutral,-0.0016525249229744077,30,29,0.0035439914,0.9366908604218837
2022-12-07,beta_neutral,0.0036161590833216906,30,29,-0.0032612255,0.9400780835850626
2022-12-08,beta_neutral,-0.00030121218878775835,30,29,-0.0012150209,0.9397949206078745
2022-12-09,beta_neutral,0.007225689012557268,30,29,0.0049461457,0.946585586439768
2022-12-12,beta_neutral,-0.0072874641045928,30,30,-0.008827736,0.9396873779566633
2022-12-13,beta_neutral,-0.004081075079739094,30,27,-0.0025416915,0.935852443215739
2022-12-14,beta_neutral,-0.007059677504003048,30,27,-0.0004665223,0.9292456267753025
2022-12-15,beta_neutral,0.0038003043737262487,30,27,-0.0019908042,0.9327770429950027
2022-12-16,beta_neutral,-0.0041723707690835,30,27,-0.00093889615,0.9288851513267383
2022-12-19,beta_neutral,0.003014201298356056,30,27,-0.019174367,0.931684998155891
2022-12-20,beta_neutral,-0.0025255251675844193,30,27,-0.011582942,0.9293320042447875
2022-12-21,beta_neutral,-0.0007799055892974138,30,27,-0.0028586944,0.9286072130203639
2022-12-22,beta_neutral,-0.005345585290342569,30,27,-0.003359716,0.9236432639619363
2022-12-23,beta_neutral,-0.00020913942717015743,30,27,-0.002846361,0.9234500937388017
2022-12-26,beta_neutral,-0.0022016502916812897,30,27,0.009771684,0.9214169795705686
2022-12-27,beta_neutral,-0.0032805465161800385,30,27,0.011194347,0.9183942283082892
2022-12-28,beta_neutral,-0.004585361108183861,30,27,-0.0051041385,0.9141830591318238
2022-12-29,beta_neutral,-0.005913746543228626,30,27,-0.0027399203,0.9087768122260049
2022-12-30,beta_neutral,-0.00020057708024978638,30,27,0.0033219769,0.9085945324264099
2023-01-03,beta_neutral,-0.011873040348291397,30,30,0.008656873,0.8978067528826741
2023-01-04,beta_neutral,0.010555935092270374,30,30,-0.00089613564,0.9072839426915057
2023-01-05,beta_neutral,-0.001173829659819603,30,30,0.014176629,0.9062189458896963
2023-01-06,beta_neutral,-0.004135827533900738,30,30,0.0024421946,0.9024709806215432
2023-01-09,beta_neutral,0.00011403579264879227,30,30,0.007350197,0.9025738946151608
2023-01-10,beta_neutral,-0.003341217525303364,30,30,0.00071101764,0.8995581989005913
2023-01-11,beta_neutral,0.0003888099454343319,30,30,-0.0037485105,0.8999079560748209
2023-01-12,beta_neutral,-0.0011185138719156384,30,30,0.0013504807,0.898901396542504
2023-01-13,beta_neutral,0.013293408788740635,30,30,0.0110662235,0.9108508602675134
2023-01-16,beta_neutral,-0.0051566241309046745,30,30,0.013496024,0.9061539447418027
2023-01-17,beta_neutral,-0.004187385551631451,30,30,0.0013077523,0.902359528806037
2023-01-18,beta_neutral,-0.002833496779203415,30,30,0.0012831298,0.8998026959874816
2023-01-19,beta_neutral,-0.0033148895017802715,30,30,0.007476189,0.8968199494768792
2023-01-20,beta_neutral,0.001517878845334053,30,30,0.0074132215,0.8981812135062637
2023-01-30,beta_neutral,-0.007165621034801006,30,30,0.0026810884,0.8917451873097001
2023-01-31,beta_neutral,-0.005144253373146057,30,30,-0.0064579463,0.8871578241218954
2023-02-01,beta_neutral,-0.0017882137326523662,30,30,0.012152281,0.8855713963177706
2023-02-02,beta_neutral,0.005066637881100178,30,30,-0.0008249381,0.890058265900773
2023-02-03,beta_neutral,-0.0016985018737614155,30,30,-0.006684531,0.8885465002683836
2023-02-06,beta_neutral,-0.008218553848564625,30,30,-0.010263947,0.8812439330089742
2023-02-07,beta_neutral,0.0029969559982419014,30,30,0.0030300445,0.8838849822999197
2023-02-08,beta_neutral,-0.0006809788756072521,30,29,-0.0043633874,0.883283075298507
2023-02-09,beta_neutral,-0.0039709871634840965,30,29,0.013714319,0.879775569544774
2023-02-10,beta_neutral,9.681237861514091e-05,30,29,-0.004044379,0.879860742710309
2023-02-13,beta_neutral,-0.008533196523785591,30,29,0.0077414964,0.872352718079198
2023-02-14,beta_neutral,0.006382143124938011,30,29,0.0026246568,0.8779201979814082
2023-02-15,beta_neutral,-0.003213566029444337,30,29,-0.003407867,0.8750989434566121
2023-02-16,beta_neutral,-0.006962812505662441,30,29,-0.01135192,0.8690057935894203
2023-02-17,beta_neutral,0.0016764430329203606,30,30,-0.01140711,0.8704626322976508
2023-02-20,beta_neutral,-0.000860089436173439,30,30,0.022969622,0.8697139565830279
2023-02-21,beta_neutral,0.0019390289671719074,30,30,0.004686304,0.871400357137996
2023-02-22,beta_neutral,0.0008593336679041386,30,30,-0.0050651,0.8721491808031084
2023-02-23,beta_neutral,0.004531886428594589,30,30,-0.0014671533,0.8761016618392999
2023-02-24,beta_neutral,0.0029723704792559147,30,30,-0.007300103,0.8787057605557781
2023-02-27,beta_neutral,0.0008634435944259167,30,30,-0.004747044,0.8794644734161151
2023-02-28,beta_neutral,-0.00638454407453537,30,30,0.0072080772,0.8738494937236019
2023-03-01,beta_neutral,-0.006661149673163891,30,30,0.01210825,0.8680286514540905
2023-03-02,beta_neutral,-0.0032745960634201765,30,30,-0.00086840405,0.8651862082491031
2023-03-03,beta_neutral,-0.007952717132866383,30,30,0.0044194837,0.8583056270676407
2023-03-06,beta_neutral,0.0037654456682503223,30,30,-0.0027807786,0.8615375302731174
2023-03-07,beta_neutral,-0.010033993050456047,30,30,-0.01467541,0.8528928686816498
2023-03-08,beta_neutral,0.0007165035349316895,30,30,-0.0009222036,0.8535039694369784
2023-03-09,beta_neutral,0.00016171869356185198,30,30,-0.0019493187,0.8536419969838656
2023-03-10,beta_neutral,0.0028106216341257095,30,30,-0.013767756,0.8560412616483867
2023-03-13,beta_neutral,0.0034265061840415,30,30,0.011155359,0.8589744923252196
2023-03-14,beta_neutral,-0.00036368658766150475,30,30,-0.0064138467,0.8586620948232175
2023-03-15,beta_neutral,-0.007645833306014538,30,30,0.0032156666,0.8520969075800059
2023-03-16,beta_neutral,0.0048162322491407394,30,30,-0.013396867,0.8562008041856859
2023-03-17,beta_neutral,-0.011170731857419014,30,30,0.0067604315,0.846636414586021
2023-03-20,beta_neutral,-0.003836100222542882,30,30,-0.0028121325,0.8433886324476148
2023-03-21,beta_neutral,0.009031899273395538,30,30,0.009646168,0.8510060336242085
2023-03-22,beta_neutral,0.0030877909157425165,30,30,0.0037402094,0.8536337623240753
2023-03-23,beta_neutral,0.00020949449390172958,30,30,0.011009572,0.8538125938970907
2023-03-24,beta_neutral,-0.0019944135565310717,30,30,-0.00256772,0.8521097384850854
2023-03-27,beta_neutral,0.003727331990376115,30,30,-0.0029856316,0.8552858343726519
2023-03-28,beta_neutral,-0.0019359132274985313,30,30,-0.0039212867,0.8536300752125978
2023-03-29,beta_neutral,-0.0010052260477095842,30,30,-7.0973416e-05,0.8527719840258858
2023-03-30,beta_neutral,-0.0033667602110654116,30,30,0.007268593,0.8499009052409562
2023-03-31,beta_neutral,0.00139100500382483,30,30,0.0037309944,0.8510831216529017
2023-04-03,beta_neutral,0.009389353916049004,30,30,0.010514012,0.8590742422940765
2023-04-04,beta_neutral,0.017389487475156784,30,30,0.0044812453,0.8740131030706791
2023-04-06,beta_neutral,-0.0012539082672446966,30,30,0.0021319084,0.8729171708150587
2023-04-07,beta_neutral,0.0024424055591225624,30,30,0.005527328,0.8750491885657109
2023-04-10,beta_neutral,-0.004954765550792217,30,30,-0.0049617672,0.8707135249909569
2023-04-11,beta_neutral,-0.0005492137279361486,30,30,0.0018239145,0.8702353171699321
2023-04-12,beta_neutral,0.009225833229720592,29,30,0.0015245473,0.8782639630767549
2023-04-13,beta_neutral,-0.00701665785163641,30,30,-0.0072913747,0.8721014853444231
2023-04-14,beta_neutral,0.001048767939209938,30,30,0.0067883655,0.8730161174219898
2023-04-17,beta_neutral,-0.007923120632767677,30,30,0.0109524205,0.8660991054093049
2023-04-18,beta_neutral,-8.643884211778641e-05,30,30,0.0016970385,0.8660242408054741
2023-04-19,beta_neutral,0.00047014467418193817,30,30,-0.008929912,0.8664313974900012
2023-04-20,beta_neutral,0.0002569400239735842,30,30,-0.002482407,0.8666540183940438
2023-04-21,beta_neutral,0.004856996238231659,30,30,-0.021379998,0.870863353701232
2023-04-24,beta_neutral,-0.002979001961648464,30,30,-0.0114709325,0.8682690500622283
2023-04-25,beta_neutral,-0.004331560805439949,30,30,-0.009705138,0.8645080898764022
2023-04-26,beta_neutral,-0.0082035381346941,30,30,0.0013207048,0.8574160647933495
2023-04-27,beta_neutral,0.009176211431622505,30,30,0.0049268883,0.8652838958887631
2023-04-28,beta_neutral,0.009984957985579967,30,30,0.010758744,0.8739237192348114
2023-05-04,beta_neutral,0.0030105290934443474,30,30,0.0025378377,0.8765546920170187
2023-05-05,beta_neutral,-0.007239675614982843,30,30,-0.005508224,0.8702087203880243
2023-05-08,beta_neutral,-0.006191423162817955,30,30,0.012150656,0.8648208899601277
2023-05-09,beta_neutral,-0.006256087385118007,30,30,-0.009566313,0.8594104949000617
2023-05-10,beta_neutral,0.00189195666462183,30,30,-0.005819389,0.8610364623135338
2023-05-11,beta_neutral,0.0003275318304076791,30,30,-0.0021628318,0.861318479162083
2023-05-12,beta_neutral,-0.007250466383993626,30,30,-0.013850634,0.855073518483006
2023-05-15,beta_neutral,-0.007101079449057579,30,30,0.014645979,0.8490015734934729
2023-05-16,beta_neutral,-0.002567671239376068,30,30,-0.005129062,0.8468216165710287
2023-05-17,beta_neutral,0.004483414813876152,30,30,-0.0026167817,0.8506182691514738
2023-05-18,beta_neutral,0.012284775264561176,30,30,-7.6141616e-05,0.8610679234239297
2023-05-19,beta_neutral,0.003401408903300762,30,30,-0.0018825429,0.8639967675250104
2023-05-22,beta_neutral,-0.01071254350244999,30,30,0.0038139764,0.8547411645669226
2023-05-23,beta_neutral,-0.0036185402423143387,30,30,-0.01306046,0.8516482492661746
2023-05-24,beta_neutral,0.0011985572054982185,30,30,-0.012183923,0.8526689984118825
2023-05-25,beta_neutral,0.0007684575393795967,30,30,-0.0007205576,0.8533242383323074
2023-05-26,beta_neutral,0.010150616988539696,30,30,0.0020221828,0.861986005842656
2023-05-29,beta_neutral,0.002945678774267435,30,30,-0.0031129115,0.8645251397237822
2023-05-30,beta_neutral,0.01293824054300785,30,30,0.0015185929,0.8757105739370059
2023-05-31,beta_neutral,0.008433626964688301,30,30,-0.004828027,0.8830959902466238
2023-06-01,beta_neutral,-0.014219516888260841,30,30,0.00078788213,0.8705387918993565
2023-06-02,beta_neutral,-0.006958990357816219,30,30,0.01283209,0.8644807208404238
2023-06-05,beta_neutral,-0.0034127060789614916,30,30,-0.0032852597,0.8615305022292667
2023-06-06,beta_neutral,-0.0019942084327340126,30,30,-0.013306157,0.8598124308366636
2023-06-07,beta_neutral,-0.0006022457964718342,30,30,-0.0046419203,0.8592946124144379
2023-06-08,beta_neutral,-0.008934969082474709,30,30,0.0050835693,0.8516168416197779
2023-06-09,beta_neutral,0.008611584082245827,30,30,0.007978383,0.8589506116572433
2023-06-12,beta_neutral,-0.0017524235881865025,30,30,0.0027072567,0.8574453663442878
2023-06-13,beta_neutral,0.0010618995875120163,30,28,0.0047017336,0.8583558872251229
2023-06-14,beta_neutral,0.00499874260276556,30,28,0.00028599097,0.8626465873669299
2023-06-15,beta_neutral,-0.00936262309551239,30,28,0.01402059,0.8545699525047833
2023-06-16,beta_neutral,-0.0040964693762362,30,28,0.008942536,0.8510692328644959
2023-06-19,beta_neutral,-0.004524741321802139,30,28,-0.0027368253,0.8472183647388394
2023-06-20,beta_neutral,-0.0027185252401977777,30,28,-0.002506208,0.8449151802303377
2023-06-21,beta_neutral,-0.002119826152920723,30,28,-0.016368406,0.8431241069342857
2023-06-26,beta_neutral,0.0019973618909716606,30,28,-0.011982129,0.8448081308948358
2023-06-27,beta_neutral,-0.004686860367655754,30,28,0.012779861,0.8408486331478714
2023-06-28,beta_neutral,-0.001561454264447093,30,28,-0.0012548796,0.8395356864638882
2023-06-29,beta_neutral,-0.0020087978336960077,30,28,-0.0029863694,0.8378492289956091
2023-06-30,beta_neutral,0.0022698165848851204,30,28,0.00831175,0.8397509930712165
2023-07-03,beta_neutral,0.0027406513690948486,30,30,0.012157282,0.842052457780076
2023-07-04,beta_neutral,0.00010804086923599243,30,30,0.0025446257,0.8421434338595568
2023-07-05,beta_neutral,0.0019668149761855602,30,30,-0.006500982,0.8437997741773681
2023-07-06,beta_neutral,-0.00033009424805641174,30,30,-0.005319539,0.8435212407254009
2023-07-07,beta_neutral,0.0010375683195888996,30,30,-0.0035128682,0.844396451641678
2023-07-10,beta_neutral,0.0026618270203471184,30,30,0.0052949395,0.846644088932543
2023-07-11,beta_neutral,-0.0014639440923929214,30,30,0.0063623777,0.8454046493201909
2023-07-12,beta_neutral,0.004788260906934738,30,30,-0.007396161,0.8494526673530716
2023-07-13,beta_neutral,0.007195672951638699,30,30,0.014353492,0.8555650509352415
2023-07-14,beta_neutral,0.0003827075124718249,30,30,-0.00047214061,0.8558924821076427
2023-07-17,beta_neutral,0.00017031608149409294,30,30,-0.004871015,0.8560382543613756
2023-07-18,beta_neutral,-0.0021832436323165894,30,30,-0.0016048563,0.8541693142935217
2023-07-19,beta_neutral,-0.001522960141301155,30,30,-0.0005874401,0.8528684484739301
2023-07-20,beta_neutral,0.0025997906923294067,30,30,-0.0091889575,0.855085727928054
2023-07-21,beta_neutral,0.0031169159337878227,30,30,-0.00058391615,0.8577509582581876
2023-07-24,beta_neutral,-0.002728560473769903,30,30,-0.002902506,0.855410532897146
2023-07-25,beta_neutral,-0.0027002114802598953,30,30,0.023984581,0.853100743555882
2023-07-26,beta_neutral,0.0012360303662717342,30,30,-0.0018839972,0.854155201980406
2023-07-27,beta_neutral,-0.0029865209944546223,30,30,-0.0027482123,0.8516042495371688
2023-07-28,beta_neutral,-0.004520115442574024,30,30,0.019761981,0.8477549000178741
2023-07-31,beta_neutral,-0.0030924584716558456,30,30,0.006629425,0.8451332531954262
2023-08-01,beta_neutral,-0.0036734244786202908,30,30,-0.0018627757,0.842028720015442
2023-08-02,beta_neutral,0.007456210441887379,30,30,-0.006550377,0.8483070633499903
2023-08-03,beta_neutral,0.010835654102265835,30,30,0.008108578,0.8574990252609597
2023-08-04,beta_neutral,0.0023120264522731304,30,30,0.002912608,0.8594815856901614
2023-08-07,beta_neutral,-0.0014920206740498543,30,30,-0.0077759465,0.8581992213953465
2023-08-08,beta_neutral,0.004407447762787342,30,30,-0.002474614,0.8619816896337114
2023-08-09,beta_neutral,0.0033310195431113243,30,30,-0.004336153,0.8648529674876854
2023-08-10,beta_neutral,0.005305588245391846,30,30,0.004532545,0.8694415212259803
2023-08-11,beta_neutral,-0.00802703054000934,30,30,-0.021790236,0.8624624875823471
2023-08-14,beta_neutral,-0.008262700401246548,30,30,-0.004061467,0.8553362184401404
2023-08-15,beta_neutral,0.004110165871679783,30,30,-0.004402299,0.8588517921739847
2023-08-16,beta_neutral,0.00809537060558796,30,30,-0.008871737,0.8658045157269065
2023-08-17,beta_neutral,0.00011446583084762096,30,30,0.0038586676,0.8659036207601508
2023-08-18,beta_neutral,-0.0016051437705755234,30,30,-0.012702656,0.8645137209573689
2023-08-21,beta_neutral,-0.003499670885503292,30,30,-0.014111296,0.8614882074580162
2023-08-22,beta_neutral,0.0014446405693888664,30,30,0.0069608595,0.8627327482725602
2023-08-23,beta_neutral,-0.0013552512973546982,30,30,-0.017853715,0.8615635285961935
2023-08-24,beta_neutral,0.011841286905109882,30,30,0.0045467457,0.8717655495252798
2023-08-25,beta_neutral,0.005428986623883247,30,30,-0.00737132,0.8764983530328149
2023-08-28,beta_neutral,-2.4438835680484772e-05,30,30,0.011383404,0.8764769324335908
2023-08-29,beta_neutral,0.005108471028506756,30,30,0.013474493,0.8809543894500822
2023-08-30,beta_neutral,-0.0075063761323690414,30,30,0.0010019431,0.8743416144474084
2023-08-31,beta_neutral,-0.00799802877008915,30,30,-0.006316138,0.8673486050601719
2023-09-01,beta_neutral,0.0029682740569114685,30,30,0.006497725,0.8699231334228703
2023-09-04,beta_neutral,-0.008810020983219147,30,30,0.014028488,0.8622590923636271
2023-09-05,beta_neutral,0.0018051876686513424,30,30,-0.0061891885,0.8638156318443445
2023-09-06,beta_neutral,-0.0012942804023623466,30,30,-0.0026706196,0.8626976122007941
2023-09-07,beta_neutral,0.003524516709148884,30,30,-0.01424525,0.8657382043499388
2023-09-08,beta_neutral,-0.0032358109019696712,30,30,-0.0028346889,0.8629368392300515
2023-09-11,beta_neutral,-0.0008004913106560707,30,30,0.00955609,0.8622460657886029
2023-09-12,beta_neutral,0.00223923078738153,30,30,-0.001071964,0.8641768337254153
2023-09-13,beta_neutral,0.0040543354116380215,30,30,-0.008191569,0.8676804964643055
2023-09-14,beta_neutral,-0.0015846906462684274,30,30,-0.0010487427,0.8663054912976089
2023-09-15,beta_neutral,0.0014404200483113527,30,30,-0.004195587,0.8675533350952361
2023-09-18,beta_neutral,0.0009027749765664339,30,30,0.0035086588,0.8683365405369968
2023-09-19,beta_neutral,0.0031129310373216867,30,30,-0.0031731643,0.871039612304875
2023-09-20,beta_neutral,-0.0006524911150336266,30,30,-0.0048815417,0.8704712666970037
2023-09-21,beta_neutral,-0.0009894035756587982,30,30,-0.007283763,0.8696100193132256
2023-09-22,beta_neutral,-0.008103190921247005,30,30,0.013996624,0.8625634032997012
2023-09-25,beta_neutral,0.00630542216822505,30,30,-0.0053289556,0.8680022297043668
2023-09-26,beta_neutral,-0.0009675240144133568,30,30,-0.004411443,0.8671624167025634
2023-09-27,beta_neutral,-0.005511774681508541,30,30,0.004186108,0.8623828128494265
2023-09-28,beta_neutral,-0.0026905820704996586,30,30,0.000108715496,0.8600625011152668
2023-10-09,beta_neutral,0.005210299044847488,30,30,0.0003691346,0.8645436839433368
2023-10-10,beta_neutral,0.006432014517486095,30,30,-0.007952281,0.8701044414694613
2023-10-11,beta_neutral,0.003827063599601388,30,30,0.001493036,0.8734343865052605
2023-10-12,beta_neutral,-0.0013781832531094551,30,30,0.010148849,0.8722306338610891
2023-10-13,beta_neutral,0.007443725597113371,30,30,-0.0095081255,0.8787232793569473
2023-10-16,beta_neutral,-0.0035988837480545044,30,30,-0.008991883,0.8755608564278323
2023-10-17,beta_neutral,-0.0025435977149754763,30,30,0.0032076978,0.8733337818341006
2023-10-18,beta_neutral,-0.003263138234615326,30,30,-0.01204746,0.8704839729790165
2023-10-19,beta_neutral,-0.0047579072415828705,30,30,-0.017061297,0.8663422909802978
2023-10-20,beta_neutral,-0.0032920646481215954,30,30,-0.006514602,0.8634902361509889
2023-10-23,beta_neutral,0.0038248933851718903,30,30,-0.01451926,0.8667929942434033
2023-10-24,beta_neutral,0.001210203394293785,30,30,0.007176497,0.8678419900671867
2023-10-25,beta_neutral,-0.0034393647219985723,30,30,0.0041186316,0.8648571649422806
2023-10-26,beta_neutral,-0.00042465166188776493,30,30,0.001990018,0.8644899019098923
2023-10-27,beta_neutral,0.0036604925990104675,30,30,0.017416809,0.8676543607977527
2023-10-30,beta_neutral,0.012271298095583916,30,30,0.006051102,0.8783016061030352
2023-10-31,beta_neutral,-0.004424290731549263,30,30,-0.0033187426,0.8744157444476487
2023-11-01,beta_neutral,-0.0011584110325202346,30,30,-0.0045926557,0.8734028116022711
2023-11-02,beta_neutral,0.006709154695272446,30,30,-0.006917955,0.8792626061765967
2023-11-03,beta_neutral,-0.005298662930727005,30,30,0.009126763,0.8746036899988744
2023-11-06,beta_neutral,-0.0071188826113939285,30,30,0.015986416,0.8683774889982804
2023-11-07,beta_neutral,0.0032071855384856462,30,30,-0.0017709192,0.8711625367229421
2023-11-08,beta_neutral,0.0014896139036864042,30,30,-0.0021008472,0.8724602325500154
2023-11-09,beta_neutral,0.002262500114738941,30,30,0.0018552666,0.8744341739262649
2023-11-10,beta_neutral,0.00012846384197473526,30,30,-0.0054067303,0.8745465070998015
2023-11-13,beta_neutral,-0.0004703229933511466,30,30,0.0006700897,0.8741351877687575
2023-11-14,beta_neutral,-0.0024281139485538006,30,30,0.0016778474,0.8720126879264144
2023-11-15,beta_neutral,-0.002168164122849703,30,30,0.0070146644,0.8701220213017826
2023-11-16,beta_neutral,0.005059922579675913,30,30,-0.010381856,0.8745247713644407
2023-11-17,beta_neutral,0.001193684060126543,30,30,0.0007744162,0.8755686776442042
2023-11-20,beta_neutral,-0.001346926437690854,30,30,0.0020808263,0.8743893510442712
2023-11-21,beta_neutral,0.0014178811106830835,30,30,-0.00077004783,0.8756291311884993
2023-11-22,beta_neutral,0.0051793670281767845,30,30,-0.011508968,0.880164335839488
2023-11-23,beta_neutral,0.0009572482667863369,30,30,0.0066707185,0.8810068716244575
2023-11-24,beta_neutral,0.003014414105564356,30,30,-0.0074865804,0.8836625911653814
2023-11-27,beta_neutral,0.008901206776499748,30,30,-0.00584144,0.891528254610002
2023-11-28,beta_neutral,0.005694954190403223,30,30,0.002316479,0.896605467179456
2023-11-29,beta_neutral,0.0012094001285731792,30,30,-0.008309767,0.8976898219467423
2023-11-30,beta_neutral,0.0020011242013424635,30,30,0.000998009,0.8994862107747387
2023-12-01,beta_neutral,-0.0015516795683652163,30,30,-0.0016245538,0.8980904963994533
2023-12-04,beta_neutral,-0.0026458450593054295,30,30,-0.005516955,0.8957142880967456
2023-12-05,beta_neutral,0.004845228977501392,30,30,-0.018594395,0.900054228920994
2023-12-06,beta_neutral,-0.002518970286473632,30,30,0.002364937,0.897787019062127
2023-12-07,beta_neutral,0.0011701586190611124,30,30,-0.0022381586,0.8988375722805637
2023-12-08,beta_neutral,-0.0027649523690342903,30,30,0.003347419,0.8963523292057095
2023-12-11,beta_neutral,0.0029977993108332157,30,30,0.0066847666,0.8990394136004662
2023-12-12,beta_neutral,0.0008870500605553389,30,30,0.00118625,0.8998369065667421
2023-12-13,beta_neutral,0.005826336331665516,30,30,-0.015329537,0.9050796590280454
2023-12-14,beta_neutral,-0.0004547182470560074,30,30,-0.004091448,0.9046681027920461
2023-12-15,beta_neutral,0.0006570364348590374,30,30,-0.0033784697,0.9052625026970353
2023-12-18,beta_neutral,0.0034119104966521263,30,30,-0.006702677,0.9083511773322129
2023-12-19,beta_neutral,0.0026055776979774237,30,30,0.00040618898,0.9107179569018012
2023-12-20,beta_neutral,0.0011216206476092339,30,30,-0.011767955,0.9117394369664108
2023-12-21,beta_neutral,-0.00605004234239459,30,30,0.009139609,0.9062233747675331
2023-12-22,beta_neutral,-0.0006012158119119704,30,30,0.0012456492,0.9056785389454987
2023-12-25,beta_neutral,0.0030006119050085545,30,30,0.0039055548,0.9083961287515692
2023-12-26,beta_neutral,0.005378548987209797,30,30,-0.0072125155,0.9132819818298513
2023-12-27,beta_neutral,0.0036635471042245626,30,30,0.0038563537,0.9166278333897245
2023-12-28,beta_neutral,-0.0121300732716918,30,30,0.023415707,0.905509070607835
2023-12-29,beta_neutral,0.0031109233386814594,30,30,0.0052733445,0.9083260399089768
2024-01-02,beta_neutral,-0.0005327061517164111,30,30,-0.008933628,0.907842169039753
2024-01-03,beta_neutral,-0.010999364778399467,30,30,-0.0020648688,0.8978564818612713
2024-01-04,beta_neutral,0.0010248972102999687,30,30,-0.010198531,0.8987766924647806
2024-01-05,beta_neutral,0.0001955782063305378,30,30,-0.007923878,0.8989524735981846
2024-01-08,beta_neutral,0.002767539583146572,30,30,-0.014701006,0.9014403601522352
2024-01-09,beta_neutral,-0.004099157173186541,30,30,0.0035394572,0.8977452144337172
2024-01-10,beta_neutral,-0.005599691532552242,30,30,-0.0033221738,0.8927181181580635
2024-01-11,beta_neutral,0.003979341126978397,30,30,0.0068432586,0.8962705480804486
2024-01-12,beta_neutral,-0.00850341934710741,30,30,-0.003330448,0.8886491837616588
2024-01-15,beta_neutral,0.0036249139811843634,30,30,-0.0009768475,0.8918704606122445
2024-01-16,beta_neutral,-0.0030741547234356403,30,30,0.004859988,0.8891287128230606
2024-01-17,beta_neutral,-0.004605229943990707,30,30,-0.021944502,0.8850340706507059
2024-01-18,beta_neutral,-0.0003279931843280792,30,30,0.0107869245,0.8847437855076343
2024-01-19,beta_neutral,0.0009949905797839165,30,30,-0.0052528568,0.8856240972397368
2024-01-22,beta_neutral,-0.007944144150242215,30,30,-0.025773356,0.8785885717483362
2024-01-23,beta_neutral,0.004651004448533058,30,30,0.009796028,0.8826748911039679
2024-01-24,beta_neutral,-0.011182282119989395,30,30,0.014974449,0.8728045714514124
2024-01-25,beta_neutral,-0.011021177284419537,30,30,0.023780711,0.8631852375347946
2024-01-26,beta_neutral,-0.008804039098322392,30,30,-0.0048607597,0.8555857209544436
2024-01-29,beta_neutral,-0.007884413154097273,30,30,-0.013251587,0.8488399296416926
2024-01-30,beta_neutral,-0.004606729373335838,30,30,-0.020475067,0.8449295538045519
2024-01-31,beta_neutral,-0.004068296402692795,30,30,-0.01597047,0.84149212994028
2024-02-01,beta_neutral,-0.0025312225334346294,30,30,0.0016231555,0.8393621260992672
2024-02-02,beta_neutral,0.00025108829140663147,30,30,-0.01661332,0.8395728801013809
2024-02-05,beta_neutral,-0.010050931945443153,30,30,-0.005877402,0.8311343902202422
2024-02-06,beta_neutral,0.01008928194642067,30,30,0.04547518,0.8395199394185405
2024-02-07,beta_neutral,-0.00024109333753585815,30,30,0.01325826,0.8393175367544183
2024-02-08,beta_neutral,0.0027484027668833733,30,30,0.011502631,0.8416243193947279
2024-02-19,beta_neutral,0.0018330765888094902,29,30,0.014078545,0.843167081231183
2024-02-20,beta_neutral,0.0008184816688299179,30,30,0.0031260182,0.8438571980309316
2024-02-21,beta_neutral,-0.0022421800531446934,30,30,0.009711613,0.8419651182538042
2024-02-22,beta_neutral,-4.1204504668712616e-05,30,30,0.011364405,0.8419304254981581
2024-02-23,beta_neutral,0.0023328850511461496,30,30,0.0034714483,0.8438945524019079
2024-02-26,beta_neutral,0.0029645622707903385,30,30,-0.006423696,0.8463963303524842
2024-02-27,beta_neutral,0.0025140121579170227,30,30,0.016874555,0.8485241810174067
2024-02-28,beta_neutral,0.0017826622352004051,30,30,-0.01703046,0.8500368130305608
2024-02-29,beta_neutral,0.0017303749918937683,30,30,0.025217392,0.851507695474018
2024-03-01,beta_neutral,0.013286805711686611,30,30,0.0076736314,0.8628215127857872
2024-03-04,beta_neutral,-0.00311195757240057,30,30,0.002727491,0.8601364488454434
2024-03-05,beta_neutral,-0.010054167360067368,30,30,0.0014735335,0.8514884930362573
2024-03-06,beta_neutral,3.0483584851026535e-05,30,30,-0.0009287837,0.8515144494579845
2024-03-07,beta_neutral,-0.012024723704283435,30,30,-0.009664543,0.8412752234730472
2024-03-08,beta_neutral,0.003827054984867573,30,30,0.00880961,0.8444948300106853
2024-03-11,beta_neutral,0.005823895335197449,30,30,0.012214905,0.8494130795117829
2024-03-12,beta_neutral,0.002850874327123165,30,30,0.00051222567,0.8518346494532857
2024-03-13,beta_neutral,0.00636849133297801,30,30,-0.004775058,0.8572595510354593
2024-03-14,beta_neutral,-0.008298870176076889,30,30,-0.004193896,0.850145265314214
2024-03-15,beta_neutral,0.001951269805431366,30,30,0.0043434636,0.851804128100652
2024-03-18,beta_neutral,0.008559202775359154,30,30,0.013414066,0.8590948923579536
2024-03-19,beta_neutral,-0.001018567942082882,30,30,-0.007919635,0.8582198458413905
2024-03-20,beta_neutral,-0.0022861838806420565,30,30,0.0019692506,0.8562577974637808
2024-03-21,beta_neutral,-0.004713702946901321,30,30,-0.0033106972,0.8522216525605686
2024-03-22,beta_neutral,-0.004623895511031151,30,30,-0.013190437,0.8482810686868902
2024-03-25,beta_neutral,-0.01256375852972269,30,30,-0.0080594765,0.8376234701745731
2024-03-26,beta_neutral,-0.004480673000216484,30,30,0.0040173396,0.8338703533074142
2024-03-27,beta_neutral,-0.013832664117217064,30,30,-0.016058834,0.8223357047928076
2024-03-28,beta_neutral,0.013922007754445076,30,30,0.009012125,0.8337842688516901
2024-03-29,beta_neutral,0.0012604603543877602,30,30,0.006631838,0.8348352208666898
2024-04-01,beta_neutral,0.005945660173892975,30,30,0.016766505,0.83979886739116
2024-04-02,beta_neutral,0.009853461440264558,30,30,-0.0051936614,0.8480737931485767
2024-04-03,beta_neutral,0.01230388879776001,30,30,-0.0045480556,0.8585083987917713
2024-04-08,beta_neutral,-0.0027083000168204308,30,30,-0.010688201,0.8561833004808831
2024-04-09,beta_neutral,-0.0012396583333611488,30,30,0.003973625,0.8551219257175573
2024-04-10,beta_neutral,0.0072457450442016125,30,30,-0.010355311,0.8613179211730134
2024-04-11,beta_neutral,-2.743327058851719e-05,30,30,0.0014308995,0.8612942924054192
2024-04-12,beta_neutral,0.004784220829606056,30,30,-0.0068474878,0.865414914499566
2024-04-15,beta_neutral,0.006012264639139175,30,30,0.018242568,0.8706180179881954
2024-04-16,beta_neutral,-0.008900739252567291,30,30,-0.018145194,0.8628688740214955
2024-04-17,beta_neutral,-0.005040105432271957,30,30,0.022062706,0.8585199239222014
2024-04-18,beta_neutral,0.0029556925874203444,30,30,-0.00065512507,0.8610574448974909
2024-04-19,beta_neutral,0.009344256483018398,30,30,-0.008041357,0.8691033865092256
2024-04-22,beta_neutral,-0.01199193112552166,30,30,-0.0044392347,0.8586811585572492
2024-04-23,beta_neutral,-0.00856176856905222,30,30,-0.010024863,0.8513293292030765
2024-04-24,beta_neutral,-0.0029519065283238888,30,30,0.0055962065,0.8488162845984483
2024-04-25,beta_neutral,-0.00044531922321766615,30,30,0.0009636861,0.8484382903899365
2024-04-26,beta_neutral,0.001490643247961998,30,30,0.018312154,0.8497030091988187
2024-04-29,beta_neutral,-0.006413936614990234,30,30,0.016385436,0.844253067956251
2024-04-30,beta_neutral,0.003502908395603299,30,30,-0.0060982415,0.8472104091160089
2024-05-06,beta_neutral,0.0004015119047835469,30,30,0.01582542,0.8475505741811253
2024-05-07,beta_neutral,-0.002679957076907158,30,30,0.0011769237,0.8452791750218119
2024-05-08,beta_neutral,0.010740025900304317,30,30,-0.0098193595,0.8543574952545341
2024-05-09,beta_neutral,-0.0024704551324248314,30,30,0.013655857,0.852246843395457
2024-05-10,beta_neutral,0.0032960481476038694,30,30,0.00095001824,0.8550558900249318
2024-05-13,beta_neutral,0.005625451914966106,30,30,0.0018799145,0.8598659658188755
2024-05-14,beta_neutral,-0.003024433273822069,30,30,0.00037246643,0.8572653585808259
2024-05-15,beta_neutral,0.007417711429297924,30,30,-0.0104566105,0.8636243056291121
2024-05-16,beta_neutral,-0.004579968750476837,30,30,0.0011328688,0.8596689332971785
2024-05-17,beta_neutral,-0.005512751638889313,30,30,0.009375552,0.8549297919762423
2024-05-20,beta_neutral,0.004548759665340185,30,30,0.0055316403,0.8588186621306815
2024-05-21,beta_neutral,0.0010972926393151283,30,30,-0.005654893,0.859761037527144
2024-05-22,beta_neutral,-0.007370981387794018,30,30,0.0048003816,0.8534237549215808
2024-05-23,beta_neutral,0.009286684915423393,30,30,-0.015018784,0.8613492324328751
2024-05-24,beta_neutral,0.008339337073266506,30,30,-0.010395237,0.8685323140199323
2024-05-27,beta_neutral,0.004520190879702568,30,30,0.010151808,0.8724582458644922
2024-05-28,beta_neutral,0.004821182228624821,30,30,-0.0082723815,0.8766645260546713
2024-05-29,beta_neutral,0.0009546531364321709,30,30,0.0026642133,0.8775014365940681
2024-05-30,beta_neutral,-0.00467824749648571,30,30,-0.0030227532,0.8733962676951593
2024-05-31,beta_neutral,-0.000557685736566782,30,30,-0.002913314,0.8729091870542951
2024-06-03,beta_neutral,-0.0006156796007417142,30,30,0.00024211284,0.8723717546745257
2024-06-04,beta_neutral,-0.00387551449239254,30,30,0.008625948,0.8689908652965306
2024-06-05,beta_neutral,-0.0012982701882719994,30,30,-0.0056688963,0.8678626803622355
2024-06-06,beta_neutral,-0.00552034005522728,30,30,-0.003932826,0.8630717832453948
2024-06-07,beta_neutral,-0.003045514691621065,30,30,-0.0025300183,0.8604432854495974
2024-06-11,beta_neutral,0.008591384626924992,30,30,-0.0032089513,0.8678356846645499
2024-06-12,beta_neutral,-0.0036319242790341377,30,30,0.0027710577,0.8646837711712044
2024-06-13,beta_neutral,0.007363609038293362,30,30,-0.003861143,0.8710509644038663
2024-06-14,beta_neutral,-0.0005567120388150215,30,30,0.0024684786,0.8705660398455612
2024-06-17,beta_neutral,0.004862065427005291,30,30,-0.00047386583,0.8747987888898193
2024-06-18,beta_neutral,0.002964635379612446,29,28,0.00432833,0.8773922483294041
2024-06-19,beta_neutral,-0.0001640142872929573,29,28,-0.0075218817,0.877248343465118
2024-06-20,beta_neutral,-0.00845568161457777,29,28,-0.009533283,0.8698306107758612
2024-06-21,beta_neutral,-0.0018212463473901153,29,28,0.00015576323,0.8682464349531376
2024-06-24,beta_neutral,-0.009710747748613358,29,28,-0.013087252,0.8598151128396748
2024-06-25,beta_neutral,-0.009430625475943089,29,28,-0.008120614,0.851706518531928
2024-06-26,beta_neutral,0.006227165460586548,29,28,0.012215592,0.8570102359466865
2024-06-27,beta_neutral,-0.009224941954016685,29,28,-0.011129165,0.8491043662660801
2024-06-28,beta_neutral,-0.00014207558706402779,29,28,0.0051044207,0.8489837292647643
2024-07-01,beta_neutral,-0.0016568655846640468,30,30,0.007047966,0.8475770773418058
2024-07-02,beta_neutral,-0.0047561973333358765,30,30,-0.007907735,0.843545833506756
2024-07-03,beta_neutral,-0.007893512956798077,30,30,-0.004235087,0.8368872935403174
2024-07-04,beta_neutral,0.007704845629632473,30,30,-0.009185646,0.8433353809464466
2024-07-05,beta_neutral,0.0035747806541621685,30,30,0.0017034858,0.8463501199512243
2024-07-08,beta_neutral,0.005905580706894398,30,30,-0.011563281,0.8513483088908861
2024-07-09,beta_neutral,0.021394941955804825,30,30,0.014494224,0.8695628565437792
2024-07-10,beta_neutral,0.0032194838859140873,30,30,-0.0022887844,0.8723624001482113
2024-07-11,beta_neutral,-0.001648256555199623,30,30,0.017803524,0.8709245231036574
2024-07-12,beta_neutral,-0.00989014282822609,30,30,-0.0018770905,0.8623109551775575
2024-07-15,beta_neutral,0.0001415963051840663,30,30,-0.0011391963,0.8624330552227304
2024-07-16,beta_neutral,0.009527292102575302,30,30,0.008833241,0.8706497068587538
2024-07-17,beta_neutral,-0.02733316272497177,30,30,-0.00094876945,0.8468520967447344
2024-07-18,beta_neutral,-0.006161598023027182,30,30,0.005304798,0.8416341345396356
2024-07-19,beta_neutral,-0.007319124415516853,30,30,0.0062972247,0.8354741095965941
2024-07-22,beta_neutral,0.0028969310224056244,30,30,-0.004221131,0.8378944204631013
2024-07-23,beta_neutral,-0.009399835020303726,30,30,-0.024831701,0.8300183511463151
2024-07-24,beta_neutral,0.0010231849737465382,30,30,-0.007481518,0.8308676134511418
2024-07-25,beta_neutral,-0.017835836857557297,30,30,-0.0019628282,0.8160483942473993
2024-07-26,beta_neutral,0.008061517961323261,30,30,0.0075815814,0.8226269830349338
2024-07-29,beta_neutral,0.007800532504916191,30,30,-0.005681866,0.8290439115555189
2024-07-30,beta_neutral,-0.008695796132087708,30,30,-0.0046425713,0.8218347147160836
2024-07-31,beta_neutral,0.0001590438187122345,30,30,0.027734155,0.8219654224474623
2024-08-01,beta_neutral,-0.007999520748853683,30,30,-0.006105347,0.8153900929957536
2024-08-02,beta_neutral,-0.00138154998421669,30,30,-0.010634517,0.8142635908256449
2024-08-05,beta_neutral,-0.002953294664621353,30,30,-0.016377708,0.811858830507264
2024-08-06,beta_neutral,0.0049659488722682,30,30,0.007259651,0.8158904799510626
2024-08-07,beta_neutral,-0.0048579624854028225,30,30,-0.0005589035,0.8119269146072631
2024-08-08,beta_neutral,0.0001993090263567865,30,30,-0.0008421091,0.8120887389700863
2024-08-09,beta_neutral,-0.003240009769797325,30,30,-0.005531857,0.8094575635218808
2024-08-12,beta_neutral,0.007948861457407475,30,30,-0.0020204613,0.8158918295499668
2024-08-13,beta_neutral,-0.0015055998228490353,30,30,0.0031688663,0.8146634229559323
2024-08-14,beta_neutral,-0.006729224696755409,30,30,-0.010057807,0.8091813697306339
2024-08-15,beta_neutral,-0.003432620782405138,30,30,0.008463021,0.8064037569441614
2024-08-16,beta_neutral,-0.0035861830692738295,30,30,-0.0018345171,0.8035118454440094
2024-08-19,beta_neutral,-0.00546715222299099,30,30,0.0022322524,0.7991189238719907
2024-08-20,beta_neutral,-0.004356973804533482,30,30,-0.01126776,0.7956371836539733
2024-08-21,beta_neutral,0.004973938222974539,30,30,-0.0037594049,0.7995946338533696
2024-08-22,beta_neutral,-0.0046470882371068,30,30,-0.007685979,0.7958788470359359
2024-08-23,beta_neutral,0.0033144094049930573,30,30,0.0025323904,0.7985167153717868
2024-08-26,beta_neutral,0.003465958870947361,30,30,0.00012050784,0.8012843414650295
2024-08-27,beta_neutral,-0.002470322884619236,30,30,-0.009100843,0.7993049104192214
2024-08-28,beta_neutral,0.0011668282095342875,30,30,-0.001974228,0.8002375619367177
2024-08-29,beta_neutral,0.00953555665910244,30,30,0.002143144,0.8078682725493074
2024-08-30,beta_neutral,0.013876255601644516,30,30,0.015012577,0.8190784591916604
2024-09-02,beta_neutral,-0.017133962363004684,30,30,-0.019463206,0.8050443996995228
2024-09-03,beta_neutral,0.00760062038898468,30,30,0.0055844123,0.8111632365779169
2024-09-04,beta_neutral,-0.009582849219441414,30,30,-0.0059637516,0.8033899815894366
2024-09-05,beta_neutral,-0.001697910949587822,30,30,0.0034907777,0.8020258969429068
2024-09-06,beta_neutral,-0.004428846761584282,30,30,-0.010979752,0.7984738471465245
2024-09-09,beta_neutral,0.005264596082270145,30,30,-0.010482962,0.8026774894340073
2024-09-10,beta_neutral,0.0050491089932620525,30,30,0.0010569243,0.8067302955645975
2024-09-11,beta_neutral,0.009471172466874123,30,30,-0.0009743061,0.8143709773281421
2024-09-12,beta_neutral,-0.004374074283987284,30,30,-0.0043670596,0.8108088581785856
2024-09-13,beta_neutral,0.004370163194835186,30,30,-0.0060970634,0.8143522252086439
2024-09-18,beta_neutral,-0.009854265488684177,30,30,0.0030066655,0.8063273821801372
2024-09-19,beta_neutral,-0.004025795962661505,30,30,0.010497329,0.8030812726603729
2024-09-20,beta_neutral,0.0007579485536552966,30,30,-0.00017781509,0.8036899669494536
2024-09-23,beta_neutral,-0.004052715841680765,30,30,0.0020320155,0.8004328398885976
2024-09-24,beta_neutral,0.008998777717351913,30,30,0.040995922,0.8076357570924239
2024-09-25,beta_neutral,-0.0011445330455899239,30,30,0.0124877,0.8067113912796315
2024-09-26,beta_neutral,-0.004934884607791901,30,30,0.04145535,0.8027303636518753
2024-09-27,beta_neutral,0.020745396614074707,30,30,0.050755978,0.8193833234199939
2024-09-30,beta_neutral,0.018468350172042847,30,30,0.09295766,0.8345159815620465
2024-10-08,beta_neutral,0.026533963158726692,30,30,0.05776871,0.8566589978721825
2024-10-09,beta_neutral,0.005090886975328127,30,30,-0.07366082,0.8610201520067475
2024-10-10,beta_neutral,-0.01518935151398182,30,30,0.006404284,0.8479418142572951
2024-10-11,beta_neutral,-0.0030459314584732056,30,30,-0.030562006,0.845359041610294
2024-10-14,beta_neutral,0.00042769499123096466,30,30,0.020148773,0.8457205974381825
2024-10-15,beta_neutral,0.005020888522267342,30,30,-0.02586959,0.8499668662789049
2024-10-16,beta_neutral,0.0010892697609961033,30,30,-0.00706267,0.8508927094841912
2024-10-17,beta_neutral,-0.004525468684732914,30,30,-0.009866364,0.8470420211733529
2024-10-18,beta_neutral,0.0009670518338680267,30,30,0.036199443,0.8478611547132919
2024-10-21,beta_neutral,0.01012757234275341,30,30,0.0077314614,0.8564479298942612
2024-10-22,beta_neutral,0.0010683955624699593,30,30,0.007948137,0.8573629550620467
2024-10-23,beta_neutral,0.010643606074154377,30,30,0.0056123612,0.8664883886183001
2024-10-24,beta_neutral,-0.0061921048909425735,30,30,-0.011824895,0.8611230016291918
2024-10-25,beta_neutral,0.004448377527296543,30,29,0.011233491,0.8649536018378773
2024-10-28,beta_neutral,0.013285903260111809,30,30,0.0059016314,0.8764452917163806
2024-10-29,beta_neutral,-0.0030205491930246353,30,30,-0.0129407495,0.8737979455977565
2024-10-30,beta_neutral,0.0014768592081964016,30,30,-0.0072511593,0.8750884221398156
2024-10-31,beta_neutral,0.003957475535571575,30,30,0.0030931248,0.8785515631618959
2024-11-01,beta_neutral,-0.015676407143473625,30,30,-0.004738125,0.8647790311612348
2024-11-04,beta_neutral,0.0014643007889389992,30,30,0.014151765,0.866045327778822
2024-11-05,beta_neutral,0.016080142930150032,30,30,0.027231654,0.8799714604334942
2024-11-06,beta_neutral,0.0065943594090640545,30,30,2.5340565e-05,0.8857743085133116
2024-11-07,beta_neutral,0.0058881863951683044,30,30,0.025533143,0.8909899127458893
2024-11-08,beta_neutral,-0.005929041188210249,29,30,-0.0066227526,0.885707196854939
2024-11-11,beta_neutral,0.01626848801970482,30,30,0.01315061,0.90011631377594
2024-11-12,beta_neutral,-0.0007238816469907761,30,30,-0.0099317515,0.8994647360962406
2024-11-13,beta_neutral,-0.00392577238380909,30,30,0.0063474393,0.8959336422750639
2024-11-14,beta_neutral,-0.00952533446252346,30,30,-0.0212541,0.887399574676167
2024-11-15,beta_neutral,-0.017281314913804337,30,30,-0.017160485,0.872064143171812
2024-11-18,beta_neutral,-0.0028704293072223663,30,30,-0.008851804,0.8695609446974739
2024-11-19,beta_neutral,0.013187735341489315,30,30,0.010564932,0.8810284842994397
2024-11-20,beta_neutral,-0.0009714660700410604,30,30,0.0039100656,0.8801725950202031
2024-11-21,beta_neutral,0.005985992029309273,30,30,0.00037964174,0.8854413011584105
2024-11-22,beta_neutral,-0.00549880787730217,30,30,-0.032468755,0.8805724295567119
2024-11-25,beta_neutral,0.003876793198287487,30,30,-0.0032255263,0.8839862267622168
2024-11-26,beta_neutral,-0.006078189704567194,30,30,-0.00419281,0.8786131907797315
2024-11-27,beta_neutral,0.012169482186436653,30,30,0.02039825,0.8893054583536938
2024-11-28,beta_neutral,-0.005984132178127766,30,30,-0.008802801,0.8839837369441748
2024-11-29,beta_neutral,0.006193920969963074,30,30,0.013037747,0.8894590623495395
2024-12-02,beta_neutral,0.0063331471756100655,30,30,0.0104210535,0.8950921374980794
2024-12-03,beta_neutral,-0.005370421335101128,30,30,2.7654165e-05,0.8902851155859784
2024-12-04,beta_neutral,-0.009728836826980114,30,30,-0.007619231,0.8816236769669533
2024-12-05,beta_neutral,0.005926058627665043,30,30,-0.00093679136,0.8868482305641971
2024-12-06,beta_neutral,-0.0029720189049839973,30,30,0.012422352,0.8842125008571087
2024-12-09,beta_neutral,-0.004079400096088648,30,30,-0.0018990998,0.8806054442961494
2024-12-10,beta_neutral,0.001860115211457014,30,30,0.004645218,0.8822434718783765
2024-12-11,beta_neutral,0.001220386940985918,30,30,0.0019313802,0.8833201502902269
2024-12-12,beta_neutral,0.00573341827839613,30,30,0.008260714,0.8883845941855766
2024-12-13,beta_neutral,0.003824792802333832,30,30,-0.02082406,0.8917824811871218
2024-12-16,beta_neutral,-0.01683516427874565,30,30,-0.009004972,0.8767691766154292
2024-12-17,beta_neutral,-0.0035437254700809717,26,29,-0.001273813,0.8736621473528752
2024-12-18,beta_neutral,0.0040703401900827885,26,29,0.0046685836,0.8772182495037997
2024-12-19,beta_neutral,0.001371587160974741,25,29,0.0007291326,0.8784214307921917
2024-12-20,beta_neutral,0.006852881517261267,26,29,-0.002764997,0.8844411487796338
2024-12-23,beta_neutral,-0.008227254264056683,26,29,-0.0028866667,0.8771646265670293
2024-12-24,beta_neutral,-0.002703414298593998,26,29,0.012717875,0.8747932871733471
2024-12-25,beta_neutral,-0.005317939445376396,26,29,-0.0012252913,0.8701411894449376
2024-12-26,beta_neutral,0.004171046428382397,26,29,0.0015218769,0.8737705887453603
2024-12-27,beta_neutral,-0.003676115069538355,26,29,-0.0010937314,0.870558507516754
2024-12-30,beta_neutral,0.0010404603090137243,26,29,0.0028540778,0.8714642890904994
2024-12-31,beta_neutral,-0.016096699982881546,26,29,-0.01785957,0.8574365898832145
2025-01-02,beta_neutral,-0.006616983562707901,30,30,-0.029772917,0.851762946061893
2025-01-03,beta_neutral,-0.006549781188368797,30,30,-0.013874052,0.8461840851408272
2025-01-06,beta_neutral,-0.006107977591454983,30,30,-0.00028258906,0.8410156117105412
2025-01-07,beta_neutral,0.00036387238651514053,30,30,0.008223161,0.8413216340682709
2025-01-08,beta_neutral,0.0009513359400443733,30,30,-0.0015799353,0.8421220135758969
2025-01-09,beta_neutral,-0.0026693777181208134,30,30,-0.0031826226,0.8398740718369184
2025-01-10,beta_neutral,0.0024634189903736115,30,30,-0.01511132,0.8419430335750039
2025-01-13,beta_neutral,-0.0006044597830623388,30,30,-0.0008738737,0.8414341128715782
2025-01-14,beta_neutral,-0.001515233889222145,30,30,0.029010933,0.8401591433882076
2025-01-15,beta_neutral,0.0008845892734825611,30,30,-0.00642779,0.8409023391544672
2025-01-16,beta_neutral,-0.0017012078315019608,30,30,0.0041594077,0.8394717895095694
2025-01-17,beta_neutral,-0.001659813104197383,30,30,0.003910113,0.8380784232327373
2025-01-20,beta_neutral,0.002311239019036293,30,30,0.0013174613,0.8400154227855252
2025-01-21,beta_neutral,-0.0022871121764183044,30,30,-0.0005883548,0.8380942132836933
2025-01-22,beta_neutral,-0.004875205457210541,30,30,-0.0059339935,0.8340083318014361
2025-01-23,beta_neutral,0.008995149284601212,30,30,0.0012986838,0.8415103612505912
2025-01-24,beta_neutral,-0.00011274963617324829,30,30,0.009422284,0.8414154812635242
2025-01-27,beta_neutral,-0.003349804086610675,30,30,-0.0035815293,0.8385969042458501
2025-02-05,beta_neutral,0.0032745981588959694,30,30,-0.0035265984,0.8413429721245494
2025-02-06,beta_neutral,-0.007195282261818647,30,30,0.014482216,0.8352892719611159
2025-02-07,beta_neutral,-0.004633614793419838,30,30,0.013122447,0.831418863233772
2025-02-10,beta_neutral,-0.0031604385003447533,30,30,0.002650605,0.8287912150484952
2025-02-11,beta_neutral,0.005407263990491629,30,30,-0.0049792305,0.8332727079412627
2025-02-12,beta_neutral,-0.00030318833887577057,30,30,0.008563221,0.8330200693731116
2025-02-13,beta_neutral,0.0019942407961934805,30,30,-0.0055473074,0.8346813119795033
2025-02-14,beta_neutral,-0.003770151874050498,30,30,0.0070986524,0.8315344366669088
2025-02-17,beta_neutral,-0.005997442174702883,30,30,0.0028500422,0.8265473569667249
2025-02-18,beta_neutral,0.004444683436304331,30,30,-0.012158883,0.8302210983135561
2025-02-19,beta_neutral,-0.002135905437171459,30,30,0.008174805,0.8284478245556137
2025-02-20,beta_neutral,0.005930816754698753,30,30,-0.0012126828,0.8333611967938819
2025-02-21,beta_neutral,-0.012941049411892891,30,29,0.009847649,0.8225766283682181
2025-02-24,beta_neutral,-0.0007367687067016959,30,30,0.0005561688,0.8219705796495721
2025-02-25,beta_neutral,-0.00016189366579055786,30,30,-0.009802172,0.8218375078192607
2025-02-26,beta_neutral,-0.0033309445716440678,30,30,0.010476978,0.8191000126338166
2025-02-27,beta_neutral,0.003910412546247244,30,30,0.00036498706,0.8223030315998512
2025-02-28,beta_neutral,0.00864007044583559,30,30,-0.020452471,0.8294077877206981
2025-03-03,beta_neutral,0.007927174679934978,30,30,0.0016280587,0.8359826481348585
2025-03-04,beta_neutral,-0.009295142255723476,30,30,0.0021011427,0.8282120704971285
2025-03-05,beta_neutral,-0.010768580250442028,30,30,0.002269579,0.8192934023515954
2025-03-06,beta_neutral,0.008694542571902275,30,30,0.011878327,0.82641678371722
2025-03-07,beta_neutral,-0.005575092509388924,30,30,-0.0037767084,0.8218094336966849
2025-03-10,beta_neutral,0.003189760958775878,30,30,-0.0014230611,0.8244308093438443
2025-03-11,beta_neutral,-0.00026465393602848053,30,30,0.0037203874,0.8242126204851683
2025-03-12,beta_neutral,-0.0022477630991488695,30,30,-0.0035097033,0.8223599857709889
2025-03-13,beta_neutral,-0.0059232404455542564,30,30,-0.004469526,0.8174889498424648
2025-03-14,beta_neutral,0.0035527274012565613,30,30,0.019143172,0.8203932652347946
2025-03-17,beta_neutral,0.003951902035623789,30,30,-0.0005634691,0.8236353790496881
2025-03-18,beta_neutral,-0.0016123820096254349,30,30,0.0024621487,0.8223073641820173
2025-03-19,beta_neutral,-0.00029800646007061005,29,30,-0.0038065454,0.8220623112753275
2025-03-20,beta_neutral,-0.00396283995360136,29,30,-0.005847539,0.8188046099038557
2025-03-21,beta_neutral,-0.0013601724058389664,29,30,-0.0120782405,0.8176908944676907
2025-03-24,beta_neutral,-0.006238756701350212,29,30,0.0028563768,0.8125895199201975
2025-03-25,beta_neutral,0.0026744259521365166,29,30,0.00016347072,0.8147627304207061
2025-03-26,beta_neutral,0.006903564557433128,29,30,-0.001679393,0.820387497529156
2025-03-27,beta_neutral,-0.0036869090981781483,30,30,0.0010078092,0.8173628034004841
2025-03-28,beta_neutral,-0.0008492069318890572,30,30,-0.0050570937,0.8166686932419681
2025-03-31,beta_neutral,-0.01282194722443819,30,30,-0.008584351,0.8061974103573688
2025-04-01,beta_neutral,-0.0005255438154563308,30,30,0.0045800772,0.8057737182943184
2025-04-02,beta_neutral,-0.0013737808912992477,30,30,-0.0010450194,0.8046667617574146
2025-04-03,beta_neutral,-0.007099307607859373,30,30,-0.0071199588,0.7989541848938786
2025-04-07,beta_neutral,0.0023446560438190184,28,30,-0.074030906,0.8008274576522245
2025-04-08,beta_neutral,-0.0049066850915551186,30,30,0.014981319,0.7968980495048544
2025-04-09,beta_neutral,0.0005612177774310112,30,30,0.014460349,0.7973452828570365
2025-04-10,beta_neutral,0.003432678058743477,30,30,0.015455954,0.8000823125147426
2025-04-11,beta_neutral,0.006497878115624189,30,30,0.0028044875,0.8052811498639301
2025-04-14,beta_neutral,-0.0009684660471975803,30,30,0.0037146322,0.8045012624118387
2025-04-15,beta_neutral,-0.0017789644189178944,30,30,-0.0027294355,0.8030700832910335
2025-04-16,beta_neutral,-0.007130558602511883,30,30,0.0015386579,0.7973437450002026
2025-04-17,beta_neutral,-0.0029705329798161983,30,30,-0.0011172001,0.7949752091094293
2025-04-18,beta_neutral,0.0010350985685363412,30,30,0.00038366776,0.7957980868104003
2025-04-21,beta_neutral,0.004922071006149054,30,30,0.0060980287,0.7997150615002386
2025-04-22,beta_neutral,0.001588841900229454,30,30,-0.001817342,0.8009856822981949
2025-04-23,beta_neutral,0.005072199739515781,30,30,0.0009766,0.8050484416673037
2025-04-24,beta_neutral,-0.0004716678522527218,30,30,-0.0031312322,0.8046687261978631
2025-04-25,beta_neutral,0.004944244399666786,30,30,0.0021101548,0.8086472050409539
2025-04-28,beta_neutral,-0.0008913911879062653,30,30,-0.004260642,0.8079263840482553
2025-04-29,beta_neutral,-0.0009568613022565842,30,30,-0.0021951387,0.8071533105562875
2025-04-30,beta_neutral,0.003289320506155491,30,30,0.0012930129,0.8098082964923116
2025-05-06,beta_neutral,-9.62353078648448e-05,30,30,0.013789635,0.8097303643415871
2025-05-07,beta_neutral,-0.0032329997047781944,30,30,0.0046782,0.8071125063127208
2025-05-08,beta_neutral,-0.0020978525280952454,30,30,0.0041149193,0.8054193033008954
2025-05-09,beta_neutral,-0.005537547171115875,30,30,-0.005167287,0.8009592559163393
2025-05-12,beta_neutral,-0.002324376255273819,30,30,0.013258842,0.7990975252404456
2025-05-13,beta_neutral,0.0016675600782036781,30,30,0.0015616065,0.8004300683721279
2025-05-14,beta_neutral,0.0004841703921556473,30,30,0.008129097,0.8008176129122248
2025-05-15,beta_neutral,-0.004547956399619579,30,30,-0.011393077,0.7971755293246525
2025-05-16,beta_neutral,0.0008797373156994581,30,30,-0.0029364708,0.7978768343849619
2025-05-19,beta_neutral,-0.0024609125684946775,30,30,-0.0013656872,0.7959133292551132
2025-05-20,beta_neutral,0.0017702309414744377,30,30,0.0045128358,0.7973222796572925
2025-05-21,beta_neutral,-0.002548813121393323,30,30,0.0038371133,0.7952900541689227
2025-05-22,beta_neutral,-0.0012959700543433428,30,30,-0.0029835308,0.7942593820742028
2025-05-23,beta_neutral,0.007611576467752457,30,30,-0.00834731,0.8003049480960903
2025-05-26,beta_neutral,-0.0032216713298112154,29,30,-0.0021293636,0.7977266285897031
2025-05-27,beta_neutral,9.450176730751991e-05,29,30,-0.0052810875,0.7978020151659332
2025-05-28,beta_neutral,-0.003175414865836501,29,30,-0.0011987921,0.7952686627869809
2025-05-29,beta_neutral,0.0009093768894672394,29,30,0.010317796,0.7959918617298369
2025-05-30,beta_neutral,-0.003520231693983078,29,30,-0.0049226657,0.793189785950023
2025-06-03,beta_neutral,0.010191215202212334,30,30,0.0025715844,0.8012733537548363
2025-06-04,beta_neutral,-0.0023796455934643745,30,30,0.0066264123,0.7993666071494132
2025-06-05,beta_neutral,-0.008431495167315006,30,30,0.0028999613,0.7926267514643199
2025-06-06,beta_neutral,-0.0009708827710710466,30,30,9.0649366e-05,0.7918572038074332
2025-06-09,beta_neutral,0.0014588278718292713,30,30,0.006713539,0.7930123871668563
2025-06-10,beta_neutral,0.0034148830454796553,30,30,-0.006565716,0.7957204317226477
2025-06-11,beta_neutral,-0.001853847410529852,30,30,0.0065632802,0.794245287460793
2025-06-12,beta_neutral,0.003393437247723341,30,30,0.000684429,0.7969405090030912
2025-06-13,beta_neutral,-0.004159406293183565,30,30,-0.0064495257,0.7936257096346508
2025-06-16,beta_neutral,-0.0017350816633552313,30,30,0.0018862482,0.7922487042182964
2025-06-17,beta_neutral,-0.002964041894301772,30,29,-0.00040222463,0.7899004458682872
2025-06-18,beta_neutral,-0.003544553881511092,30,29,0.0015228209,0.7871006011768774
2025-06-19,beta_neutral,0.002001936547458172,30,29,-0.01028757,0.7886763266368997
2025-06-20,beta_neutral,0.00242659286595881,30,29,-0.0010255929,0.7905901229846674
2025-06-23,beta_neutral,-0.0018735233461484313,30,29,0.00363229,0.7891089339320213
2025-06-24,beta_neutral,-0.0024552475661039352,30,29,0.011288114,0.7871714761425939
2025-06-25,beta_neutral,0.00044767092913389206,30,29,0.013138297,0.7875238699287063
2025-06-26,beta_neutral,-0.0003668272402137518,30,29,-0.003199039,0.7872349847208978
2025-06-27,beta_neutral,-0.010411144234240055,30,29,-6.8156405e-05,0.7790389677487288
2025-06-30,beta_neutral,-0.0024723345413804054,30,29,0.0067229676,0.7771129227996824
2025-07-01,beta_neutral,-0.008061129599809647,30,30,0.0008644626,0.7708485148153073
2025-07-02,beta_neutral,-0.012632280588150024,30,30,0.0010212476,0.7611109400852015
2025-07-03,beta_neutral,-0.00373645662330091,30,30,0.006369456,0.7582670820720534
2025-07-04,beta_neutral,-0.002238885499536991,30,30,0.00022705212,0.7565694088972261
2025-07-07,beta_neutral,0.0004754657857120037,30,30,-0.0029850325,0.7569291317656731
2025-07-08,beta_neutral,0.0007392177358269691,30,30,0.011568216,0.7574886672046384
2025-07-09,beta_neutral,-0.002078326651826501,30,30,-0.0027890063,0.7559143583191305
2025-07-10,beta_neutral,-0.008424200117588043,30,30,0.0043912344,0.7495463844928919
2025-07-11,beta_neutral,0.007032403256744146,30,30,0.0024975962,0.7548174969282806
2025-07-14,beta_neutral,-0.0012934037949889898,30,30,0.0018785372,0.7538412131132294
2025-07-15,beta_neutral,0.0017071797046810389,30,29,-0.000611513,0.7551281555328085
2025-07-16,beta_neutral,0.0019213971681892872,30,30,-0.0018099642,0.7565790566324693
2025-07-17,beta_neutral,0.004719894379377365,30,30,0.009150072,0.7601500298694235
2025-07-18,beta_neutral,-0.0007697246037423611,30,30,0.0055180914,0.7595649236888975
2025-07-21,beta_neutral,-0.003056672867387533,30,30,0.010416873,0.7572431821956385
2025-07-22,beta_neutral,-0.0077524445950984955,30,30,0.011173778,0.7513726963806507
2025-07-23,beta_neutral,0.0033526974730193615,30,30,-0.0023349642,0.7538918217211019
2025-07-24,beta_neutral,0.003304833546280861,30,30,0.010979898,0.7563833087037926
2025-07-25,beta_neutral,0.009393440559506416,30,30,-0.003918107,0.7634883503543044
2025-07-28,beta_neutral,0.00040344573790207505,30,30,0.00013595431,0.7637963764751927
2025-07-29,beta_neutral,0.0057149287313222885,30,30,0.005511905,0.7681614183319907
2025-07-30,beta_neutral,-0.006606923416256905,30,30,-0.00031897714,0.763086234669748
2025-07-31,beta_neutral,0.004428518936038017,30,30,-0.018958386,0.7664655765098128
2025-08-01,beta_neutral,-0.00954192690551281,30,30,-0.003402707,0.7591520180031646
2025-08-04,beta_neutral,0.002299186773598194,30,30,0.0031118463,0.7608974502821079
2025-08-05,beta_neutral,-0.01067607756704092,30,30,0.0077577773,0.7527740500823324
2025-08-06,beta_neutral,0.0014252844266593456,30,30,0.0042920494,0.7538469672127082
2025-08-07,beta_neutral,-0.003381715388968587,30,30,-0.00013975162,0.7512976713227576
2025-08-08,beta_neutral,-0.01324533298611641,30,30,-0.0016253006,0.7413464834943938
2025-08-11,beta_neutral,0.010458691045641899,30,30,0.0060186437,0.7490999973230348
2025-08-12,beta_neutral,0.008649159222841263,30,30,0.0023842757,0.7555790824737116
2025-08-13,beta_neutral,0.02001016028225422,30,30,0.0062932405,0.7706983410199292
2025-08-14,beta_neutral,-0.013857441022992134,30,30,-0.0064494903,0.7600184342127276
2025-08-15,beta_neutral,0.005275369621813297,30,30,0.011194029,0.7640278123725915
2025-08-18,beta_neutral,0.022062430158257484,30,30,0.010512771,0.7808841226220281
2025-08-19,beta_neutral,0.00014509004540741444,30,30,-0.0024738563,0.7809974211348374
2025-08-20,beta_neutral,0.003358691930770874,30,30,0.012486974,0.7836205508711558
2025-08-21,beta_neutral,-0.007160435430705547,30,30,0.0033972356,0.778009486514469
2025-08-22,beta_neutral,0.031026778742671013,29,30,0.016947875,0.8021486147122525
2025-08-25,beta_neutral,0.005840400233864784,30,30,0.019286934,0.8068334836692124
2025-08-26,beta_neutral,-0.0031914582941681147,30,30,-0.0007280751,0.8042585082557437
2025-08-27,beta_neutral,0.012825359590351582,30,30,-0.01679066,0.8145734128277233
2025-08-28,beta_neutral,0.03023708425462246,30,30,0.014641216,0.8392037377429706
2025-08-29,beta_neutral,0.0016119121573865414,30,30,0.0045344215,0.8405564604503627
2025-09-01,beta_neutral,0.004990764427930117,30,30,0.006070236,0.8447514797328451
2025-09-02,beta_neutral,0.009262177161872387,30,30,-0.010655544,0.8525757175958846
2025-09-03,beta_neutral,0.007859473116695881,30,30,-0.009857174,0.8592765135282773
2025-09-04,beta_neutral,0.004889840260148048,30,30,-0.016231608,0.8634782384187274
2025-09-05,beta_neutral,0.00444532185792923,30,30,0.021061046,0.8673166771058164
2025-09-08,beta_neutral,0.012372355908155441,30,30,0.008304978,0.8780474277200483
2025-09-09,beta_neutral,0.010062272660434246,30,30,-0.0069370396,0.8868825803465603
2025-09-10,beta_neutral,-0.010054863058030605,30,30,-0.0015745033,0.8779650974526227
2025-09-11,beta_neutral,-0.004570608027279377,30,30,0.018067475,0.8739522631305348
2025-09-12,beta_neutral,-0.004064575303345919,30,30,-0.0049873595,0.870400018345511
2025-09-15,beta_neutral,0.008867824450135231,30,30,0.000980308,0.8781185729095935
2025-09-16,beta_neutral,-0.006159127689898014,30,30,-0.00037203933,0.8727101284921723
2025-09-17,beta_neutral,-0.0010812180116772652,30,30,0.0060452847,0.8717665385822735
2025-09-18,beta_neutral,0.0016371281817555428,30,30,-0.012449026,0.873193732150498
2025-09-19,beta_neutral,0.0014812380541116,30,30,0.0015067288,0.874487139935171
2025-09-22,beta_neutral,-0.008804524317383766,30,30,0.00082492497,0.8667876966463723
2025-09-23,beta_neutral,-0.001577179180458188,30,30,-0.003093621,0.8654206171373444
2025-09-24,beta_neutral,-0.002030857838690281,30,30,0.011065824,0.8636630708932668
2025-09-25,beta_neutral,0.0023123021237552166,30,30,0.0035422975,0.8656601208463023
2025-09-26,beta_neutral,0.0058831810019910336,30,30,-0.0054259477,0.8707529560234465
2025-09-29,beta_neutral,0.006312933750450611,30,30,0.0130741345,0.8762499617478315
2025-09-30,beta_neutral,0.004797582048922777,30,30,0.0070619187,0.8804538428346822
2025-10-09,beta_neutral,0.006266254931688309,30,30,0.017481413,0.8859709910694689
2025-10-10,beta_neutral,-0.014373182319104671,30,30,-0.01334205,0.8732367684853896
2025-10-13,beta_neutral,0.009339290671050549,30,30,-0.0037625583,0.8813921804909235
2025-10-14,beta_neutral,-0.02228771150112152,30,30,-0.007898788,0.8617479658527973
2025-10-15,beta_neutral,0.005028964951634407,30,30,0.011697736,0.8660816661702133
2025-10-16,beta_neutral,-0.0049294233322143555,30,30,-0.0008896436,0.8618123829973908
2025-10-17,beta_neutral,-0.007954714819788933,30,30,-0.022982119,0.8549569112624839
2025-10-20,beta_neutral,0.006927879527211189,30,30,0.00411502,0.860879949744667
2025-10-21,beta_neutral,0.0010514827445149422,30,30,0.01038865,0.8617851501569224
2025-10-22,beta_neutral,-0.009579537436366081,30,30,-0.004325062,0.8535296470488898
2025-10-23,beta_neutral,-0.004192521329969168,30,30,0.0036564216,0.8499512057978762
2025-10-24,beta_neutral,0.009472496807575226,30,30,0.006885637,0.8580023658813913
2025-10-27,beta_neutral,0.006260933354496956,30,30,0.011137834,0.8633742615121753
2025-10-28,beta_neutral,0.007663565222173929,30,30,-0.005048732,0.8699907864764201
2025-10-29,beta_neutral,-0.0029999632388353348,30,30,0.01445983,0.8673808460988655
2025-10-30,beta_neutral,-0.010925490409135818,30,30,-0.005349709,0.8579042849837442
2025-10-31,beta_neutral,-0.0014833472669124603,30,30,-0.009389986,0.856631715007341
2025-11-03,beta_neutral,0.006767288316041231,30,30,0.004320611,0.8624287888034606
2025-11-04,beta_neutral,-0.007280871272087097,30,30,-0.008942863,0.8561495558108406
2025-11-05,beta_neutral,0.003961640875786543,29,30,0.0012766687,0.8595413128869274
2025-11-06,beta_neutral,0.00030514318495988846,30,30,0.012239389,0.8598035960607463
2025-11-07,beta_neutral,0.0008835018379613757,30,30,-0.0005100685,0.8605632341181518
2025-11-10,beta_neutral,3.0277296900749207e-05,30,30,0.008247089,0.8605892896466931
2025-11-11,beta_neutral,-0.0035593928769230843,30,30,-0.007867506,0.8575261142591685
2025-11-12,beta_neutral,-0.009688156499566199,30,30,-0.00582651,0.8492182670617606
2025-11-13,beta_neutral,0.01118945237249136,30,30,0.009222315,0.8587205544148979
2025-11-14,beta_neutral,-0.006638857536017895,30,30,-0.013294843,0.8530196309908871
2025-11-17,beta_neutral,0.010694354772567749,30,30,-0.005484121,0.8621421255526686
2025-11-18,beta_neutral,-0.007935129098089723,30,30,-0.007881304,0.8553009164855067
2025-11-19,beta_neutral,-0.0024480700958520174,30,30,0.0014889707,0.8532070798889037
2025-11-20,beta_neutral,-0.011587817221879959,30,30,-0.0057928488,0.8433202721947372
2025-11-21,beta_neutral,-0.010112730802502488,30,30,-0.024000103,0.8347920013017387
2025-11-24,beta_neutral,0.0008192526875063777,30,30,0.0017022138,0.835475906892314
2025-11-25,beta_neutral,0.007570014335215092,30,30,0.007562885,0.8418004714842157
2025-11-26,beta_neutral,0.0021961028687655926,30,30,0.00066446385,0.8436491519145705
2025-11-27,beta_neutral,-0.004798995330929756,30,30,0.00012382884,0.8396004835735895
2025-11-28,beta_neutral,0.0017030907329171896,30,30,0.0036320097,0.8410303993765165
2025-12-01,beta_neutral,-0.007299370598047972,30,30,0.011349171,0.8348914068072429
2025-12-02,beta_neutral,-0.004049384966492653,30,30,-0.006454747,0.8315106100958638
2025-12-03,beta_neutral,-0.00232141581363976,30,30,-0.0038721843,0.8295803282163781
2025-12-04,beta_neutral,0.004135755356401205,30,30,-0.0004848552,0.833011269502364
2025-12-05,beta_neutral,0.003155206795781851,30,30,0.0071517597,0.8356395923208608
2025-12-08,beta_neutral,0.0050285933539271355,30,30,0.0039604735,0.8398416840210838
2025-12-09,beta_neutral,0.0005978313274681568,30,30,-0.007907865,0.8403437676899053
2025-12-10,beta_neutral,0.003324576886370778,30,30,0.0028884572,0.8431375551565728
2025-12-11,beta_neutral,-0.0029623685404658318,30,30,-0.009607664,0.8406398709878917
2025-12-12,beta_neutral,0.006005219183862209,30,30,0.007093181,0.8456880976678676
2025-12-15,beta_neutral,-0.009974174201488495,30,30,-0.0046913913,0.8372530572616029
2025-12-16,beta_neutral,-0.008227723650634289,30,30,-0.00980701,0.8303643704808057
2025-12-17,beta_neutral,0.005818283185362816,30,30,0.016193451,0.8351956655352986
2025-12-18,beta_neutral,-0.01314268447458744,30,30,-0.003346983,0.8242189524286251
2025-12-19,beta_neutral,0.008156144991517067,29,30,0.0049766824,0.8309414017093892
2025-12-22,beta_neutral,0.016746655106544495,29,30,0.0064954483,0.8448568907775651
2025-12-23,beta_neutral,0.007326704449951649,29,30,-0.0014347391,0.8510469075187974
2025-12-24,beta_neutral,0.005512508098036051,29,30,0.004881974,0.8557383104883034
2025-12-25,beta_neutral,-0.00351405399851501,29,30,0.0029072608,0.8527311998566495
2025-12-26,beta_neutral,0.005707204807549715,29,30,0.0032006218,0.857597911460019
2025-12-29,beta_neutral,-0.010383845306932926,29,30,-0.0035773946,0.8486927474118693
2025-12-30,beta_neutral,-0.00025745027232915163,28,30,0.0014861644,0.8484742512329244
2025-12-31,beta_neutral,-0.002824278548359871,28,30,-0.0011569364,0.8460779236063316
